Workbook
Name ComponentIDs: 'Bausteine'!$A$2:$A$33

Sheet Hinweise
A1: YMCA Modular – Kalibrierung
A2: Referenz | B2: Quellblock-Abgleich: 9d8a9dec (integrierter Game-Stand), siehe reference-audit.md.
A3: Status | B3: Experimentelle Zahlen; keine Spielregeln oder grafische/volle Verhaltensgleichheit.
A4: Eingaben | B4: Parameter und Bausteinwerte sind editierbar. Formeln berechnen Entwuerfe/Vergleich beim Öffnen neu.
A5: Preise | B5: Hardwarekosten minus CP-Anforderung mal globaler CP-Creditwert. Keine Sonderrabatte.
A6: Massenproduktion | B6: Entwuerfe nutzen noch die günstigere Chassisvariante. Prozentfertigung wird nur im Preisfit untersucht.
A7: Arbeitsfluss | B7: catalog.json ist Quelle. export_excel.py erzeugt eine neue Momentaufnahme, kein Excel-Import.
A8: Schutz | B8: Exporter überschreibt keine bestehende Arbeitsmappe; für neue Daten neuen Dateinamen verwenden.
A9: Erweiterung | B9: Neue Bausteine/Designs in JSON eintragen und neu exportieren. Manuelles Zeilenanfügen wird nicht automatisch verdrahtet.
A10: Validierung | B10: Excel prüft nur elektrische/physische Grenzen; Rolle, Fraktion und Montage weiterhin im Python-Rechner prüfen.
A11: Momentaufnahme | B11: Python-Werte und Preisfit sind statisch. Änderungen in Excel aktualisieren nur die Formelspalten.
A12: Genauigkeit | B12: CP/Tier sind unabhängig; 1% Abweichung kann akzeptabel sein. Preisfit ist kein Beweis des CP-Wertes.
A13: Branches | B13: Game modular: tournament-bot integriert in 9d8a9dec; master nicht zusätzlich gemergt.
... A15: Referenzbedingungen | B15: Base states without isotope stability, horde, uranium or veterancy bonuses. Isotope stability now applies 90% received damage as well as death-explosion suppression; not modeled as extra HP.

Sheet Parameter
A1: Parameter | B1: Wert
A2: Credits pro CP | B2: 300
A3: Geschwindigkeitsexponent | B3: 0.5
A4: Katalogbudget | B4: 50

Sheet Bausteine
A1: ID | B1: Rolle | C1: Fraktionen | D1: Katalog-Tier | E1: CP | F1: Tech | G1: Hardwarepreis | H1: Masse kg | I1: Bedarf kWe | J1: Motor kWm | K1: Generator Wirkungsgrad | L1: Generator max kWe | M1: HP Chassis | N1: Panzerung | O1: Chassis Masse % | P1: Chassis HP % | Q1: Chassis Preis % | R1: Referenzmasse kg | S1: Referenzleistung kWm | T1: Referenztempo | U1: Max Tempo | V1: Max Masse kg | W1: Waffentraegerplaetze | X1: Zusatzplaetze | Y1: Salve | Z1: Schussabstand Ticks | AA1: Nachladen Ticks | AB1: Reichweite Zellen | AC1: Rohschaden | AD1: Hinweis | AE1: Quelle | AF1: Kompatibilitaet | AG1: Ausrüstung erlaubt | AH1: Waffen erlaubt | AI1: Munition erlaubt
A2: battlemaster | B2: chassis | C2: ["china"] | D2: 1 | E2: 0 | F2: 1 | G2: 500 | H2: 8000 | I2: 10 | J2: 0 | K2: 0 | L2: 0 | M2: 40000 | O2: 0 | P2: 0 | Q2: 0 | R2: 10000 | S2: 460 | T2: 100 | U2: 125 | V2: 18000 | W2: 1 | X2: 1 | Y2: 0 | Z2: 0 | AA2: 0 | AB2: 0 | AC2: 0 | AF2: {"carrier": ["cannon-turret", "autoloader-turret"], "drive": ["diesel", "diesel-large", "nuclear"]} | AG2: ["pdl"]
A3: battlemaster-mass-produced | B3: chassis | C3: ["china"] | D3: 1 | E3: 1 | F3: 1 | G3: 450 | H3: 8000 | I3: 10 | J3: 0 | K3: 0 | L3: 0 | M3: 40000 | O3: 0 | P3: 0 | Q3: 0 | R3: 10000 | S3: 460 | T3: 100 | U3: 125 | V3: 18000 | W3: 1 | X3: 1 | Y3: 0 | Z3: 0 | AA3: 0 | AB3: 0 | AC3: 0 | AD3: Experimental manufacturing variant of same chassis. 50-credit hardware saving plus global 300/CP fits base 600. No discount to other components. Reuses Battlemaster artwork; not a new physical chassis. | AF3: {"carrier": ["cannon-turret", "autoloader-turret"], "drive": ["diesel", "diesel-large", "nuclear"]} | AG3: ["pdl"]
A4: dragon-chassis | B4: chassis | C4: ["china"] | D4: 1 | E4: 0 | F4: 1 | G4: 250 | H4: 6500 | I4: 10 | J4: 0 | K4: 0 | L4: 0 | M4: 28000 | O4: 0 | P4: 0 | Q4: 0 | R4: 8000 | S4: 460 | T4: 103 | U4: 125 | V4: 14000 | W4: 1 | X4: 1 | Y4: 0 | Z4: 0 | AA4: 0 | AB4: 0 | AC4: 0 | AD4: Base price/HP/speed fitted. Firewall deploy behavior and Black Napalm remain source references, not implemented. | AE4: chdragon | AF4: {"carrier": ["flame-turret"], "drive": ["diesel", "diesel-large"]} | AG4: ["pdl"]
A5: gatling-chassis | B5: chassis | C5: ["china"] | D5: 1 | E5: 0 | F5: 1 | G5: 350 | H5: 7000 | I5: 10 | J5: 0 | K5: 0 | L5: 0 | M5: 30000 | O5: 0 | P5: 0 | Q5: 0 | R5: 9000 | S5: 460 | T5: 108 | U5: 130 | V5: 16000 | W5: 1 | X5: 1 | Y5: 0 | Z5: 0 | AA5: 0 | AB5: 0 | AC5: 0 | AD5: Legacy sight override 6c0; preserve as audit metadata, not a claim of standard sight equivalence. AA/ground spool-up not simulated. | AE5: chgtnk | AF5: {"carrier": ["gatling-turret"], "drive": ["diesel", "diesel-large"]} | AG5: ["pdl"]
A6: flame-turret | B6: carrier | C6: ["china"] | D6: 0 | E6: 0 | F6: 1 | G6: 75 | H6: 400 | I6: 0 | J6: 0 | K6: 0 | L6: 0 | M6: 0 | O6: 0 | P6: 0 | Q6: 0 | R6: 0 | S6: 0 | T6: 0 | U6: 0 | V6: 0 | W6: 0 | X6: 0 | Y6: 8 | Z6: 4 | AA6: 45 | AB6: 0 | AC6: 0 | AD6: Normal attack only; deployed Firewall has additional armaments and state changes. | AE6: CHDragonFlamer | AH6: ["dragon-flamer"]
A7: dragon-flamer | B7: weapon | C7: ["china"] | D7: 0 | E7: 0 | F7: 1 | G7: 125 | H7: 400 | I7: 0 | J7: 0 | K7: 0 | L7: 0 | M7: 0 | O7: 0 | P7: 0 | Q7: 0 | R7: 0 | S7: 0 | T7: 0 | U7: 0 | V7: 0 | W7: 0 | X7: 0 | Y7: 0 | Z7: 0 | AA7: 0 | AB7: 5 | AC7: 0 | AE7: CHDragonFlamer | AI7: ["flame-fuel"]
A8: flame-fuel | B8: ammunition | C8: ["china"] | D8: 0 | E8: 0 | F8: 1 | G8: 50 | H8: 100 | I8: 0 | J8: 0 | K8: 0 | L8: 0 | M8: 0 | O8: 0 | P8: 0 | Q8: 0 | R8: 0 | S8: 0 | T8: 0 | U8: 0 | V8: 0 | W8: 0 | X8: 0 | Y8: 0 | Z8: 0 | AA8: 0 | AB8: 0 | AC8: 2500 | AD8: Raw primary warhead only; fire clusters, heat and garrison damage omitted from calculator.
A9: gatling-turret | B9: carrier | C9: ["china"] | D9: 0 | E9: 0 | F9: 1 | G9: 100 | H9: 500 | I9: 0 | J9: 0 | K9: 0 | L9: 0 | M9: 0 | O9: 0 | P9: 0 | Q9: 0 | R9: 0 | S9: 0 | T9: 0 | U9: 0 | V9: 0 | W9: 0 | X9: 0 | Y9: 1 | Z9: 0 | AA9: 12 | AB9: 0 | AC9: 0 | AD9: Ground cold-state representative only. Reload stages 12/8/4/2 ticks, separate air/ground charge, thresholds 1/3/5, reset delay 40. Full attack-state behavior not modeled. | AE9: ^ChinaGatling | AH9: ["gatling-gun"]
A10: gatling-gun | B10: weapon | C10: ["china"] | D10: 0 | E10: 0 | F10: 1 | G10: 150 | H10: 500 | I10: 0 | J10: 0 | K10: 0 | L10: 0 | M10: 0 | O10: 0 | P10: 0 | Q10: 0 | R10: 0 | S10: 0 | T10: 0 | U10: 0 | V10: 0 | W10: 0 | X10: 0 | Y10: 0 | Z10: 0 | AA10: 0 | AB10: 6 | AC10: 0 | AD10: Ground range 6 cells; AA uses ChinaMGatt.0 with range 9.5. Not a single fixed weapon. | AE10: ChinaMGatt.0G | AI10: ["gatling-rounds"]
A11: gatling-rounds | B11: ammunition | C11: ["china"] | D11: 0 | E11: 0 | F11: 1 | G11: 100 | H11: 400 | I11: 0 | J11: 0 | K11: 0 | L11: 0 | M11: 0 | O11: 0 | P11: 0 | Q11: 0 | R11: 0 | S11: 0 | T11: 0 | U11: 0 | V11: 0 | W11: 0 | X11: 0 | Y11: 0 | Z11: 0 | AA11: 0 | AB11: 0 | AC11: 350 | AD11: Raw ground damage 350; AA raw damage 660. Values are not DPS.
A12: juggernaut | B12: chassis | C12: ["gdi"] | D12: 3 | E12: 0 | F12: 3 | G12: 1100 | H12: 16000 | I12: 10 | J12: 0 | K12: 0 | L12: 0 | M12: 60000 | O12: 0 | P12: 0 | Q12: 0 | R12: 20000 | S12: 460 | T12: 50 | U12: 50 | V12: 30000 | W12: 1 | X12: 3 | Y12: 0 | Z12: 0 | AA12: 0 | AB12: 0 | AC12: 0 | AF12: {"carrier": ["fixed-triple"], "drive": ["diesel"]} | AG12: []
A13: heavy-tesla | B13: chassis | C13: ["soviet"] | D13: 2 | E13: 0 | F13: 2 | G13: 600 | H13: 8000 | I13: 10 | J13: 0 | K13: 0 | L13: 0 | M13: 48000 | O13: 0 | P13: 0 | Q13: 0 | R13: 10000 | S13: 260 | T13: 100 | U13: 110 | V13: 18000 | W13: 1 | X13: 2 | Y13: 0 | Z13: 0 | AA13: 0 | AB13: 0 | AC13: 0 | AF13: {"carrier": ["twin-coil"], "drive": ["diesel", "nuclear"]} | AG13: []
A14: diesel | B14: drive | C14: ["china", "gdi", "soviet"] | D14: 0 | E14: 0 | F14: 1 | G14: 100 | H14: 600 | I14: 0 | J14: 500 | K14: 0 | L14: 0 | M14: 0 | O14: 0 | P14: 0 | Q14: 0 | R14: 0 | S14: 0 | T14: 0 | U14: 0 | V14: 0 | W14: 0 | X14: 0 | Y14: 0 | Z14: 0 | AA14: 0 | AB14: 0 | AC14: 0
A15: diesel-large | B15: drive | C15: ["china", "gdi", "soviet"] | D15: 1 | E15: 0 | F15: 2 | G15: 200 | H15: 600 | I15: 0 | J15: 550 | K15: 0 | L15: 0 | M15: 0 | O15: 0 | P15: 0 | Q15: 0 | R15: 0 | S15: 0 | T15: 0 | U15: 0 | V15: 0 | W15: 0 | X15: 0 | Y15: 0 | Z15: 0 | AA15: 0 | AB15: 0 | AC15: 0
A16: nuclear | B16: drive | C16: ["china", "soviet"] | D16: 1 | E16: 1 | F16: 2 | G16: 400 | H16: 600 | I16: 0 | J16: 758.75 | K16: 0 | L16: 0 | M16: 0 | O16: 0 | P16: 0 | Q16: 0 | R16: 0 | S16: 0 | T16: 0 | U16: 0 | V16: 0 | W16: 0 | X16: 0 | Y16: 0 | Z16: 0 | AA16: 0 | AB16: 0 | AC16: 0
A17: baseline-generator | B17: generator | C17: ["china", "gdi", "soviet"] | D17: 0 | E17: 0 | F17: 1 | G17: 0 | H17: 0 | I17: 0 | J17: 0 | K17: 0.25 | L17: 100 | M17: 0 | O17: 0 | P17: 0 | Q17: 0 | R17: 0 | S17: 0 | T17: 0 | U17: 0 | V17: 0 | W17: 0 | X17: 0 | Y17: 0 | Z17: 0 | AA17: 0 | AB17: 0 | AC17: 0
A18: efficient-generator | B18: generator | C18: ["china", "gdi", "soviet"] | D18: 1 | E18: 0 | F18: 2 | G18: 200 | H18: 0 | I18: 0 | J18: 0 | K18: 0.75 | L18: 120 | M18: 0 | O18: 0 | P18: 0 | Q18: 0 | R18: 0 | S18: 0 | T18: 0 | U18: 0 | V18: 0 | W18: 0 | X18: 0 | Y18: 0 | Z18: 0 | AA18: 0 | AB18: 0 | AC18: 0
A19: heavy | B19: armor | C19: ["china", "gdi", "soviet"] | D19: 0 | E19: 0 | F19: 1 | G19: 0 | H19: 0 | I19: 0 | J19: 0 | K19: 0 | L19: 0 | M19: 0 | N19: Heavy | O19: 100 | P19: 100 | Q19: 100 | R19: 0 | S19: 0 | T19: 0 | U19: 0 | V19: 0 | W19: 0 | X19: 0 | Y19: 0 | Z19: 0 | AA19: 0 | AB19: 0 | AC19: 0
A20: reflector | B20: armor | C20: ["china", "gdi", "soviet"] | D20: 1 | E20: 1 | F20: 3 | G20: 0 | H20: 0 | I20: 57.5 | J20: 0 | K20: 0 | L20: 0 | M20: 0 | N20: Reflector | O20: 100 | P20: 100 | Q20: 100 | R20: 0 | S20: 0 | T20: 0 | U20: 0 | V20: 0 | W20: 0 | X20: 0 | Y20: 0 | Z20: 0 | AA20: 0 | AB20: 0 | AC20: 0
A21: cannon-turret | B21: carrier | C21: ["china"] | D21: 0 | E21: 0 | F21: 1 | G21: 100 | H21: 500 | I21: 0 | J21: 0 | K21: 0 | L21: 0 | M21: 0 | O21: 0 | P21: 0 | Q21: 0 | R21: 0 | S21: 0 | T21: 0 | U21: 0 | V21: 0 | W21: 0 | X21: 0 | Y21: 1 | Z21: 0 | AA21: 50 | AB21: 0 | AC21: 0 | AH21: ["cannon"]
A22: autoloader-turret | B22: carrier | C22: ["china"] | D22: 1 | E22: 1 | F22: 1 | G22: 400 | H22: 500 | I22: 0 | J22: 0 | K22: 0 | L22: 0 | M22: 0 | O22: 0 | P22: 0 | Q22: 0 | R22: 0 | S22: 0 | T22: 0 | U22: 0 | V22: 0 | W22: 0 | X22: 0 | Y22: 3 | Z22: 5 | AA22: 50 | AB22: 0 | AC22: 0 | AD22: Same visible single barrel. Autoloading mechanism changes firing cycle, not barrel count. Baseline mount mass retained; hardware price includes autoloader. Global CP credit value applies. | AE22: CHBattlemasterCannon.Autoloader | AH22: ["cannon"]
A23: fixed-triple | B23: carrier | C23: ["gdi"] | D23: 0 | E23: 0 | F23: 3 | G23: 300 | H23: 1500 | I23: 0 | J23: 0 | K23: 0 | L23: 0 | M23: 0 | O23: 0 | P23: 0 | Q23: 0 | R23: 0 | S23: 0 | T23: 0 | U23: 0 | V23: 0 | W23: 0 | X23: 0 | Y23: 3 | Z23: 1 | AA23: 100 | AB23: 0 | AC23: 0 | AH23: ["artillery"]
A24: twin-coil | B24: carrier | C24: ["soviet"] | D24: 0 | E24: 0 | F24: 2 | G24: 200 | H24: 500 | I24: 0 | J24: 0 | K24: 0 | L24: 0 | M24: 0 | O24: 0 | P24: 0 | Q24: 0 | R24: 0 | S24: 0 | T24: 0 | U24: 0 | V24: 0 | W24: 0 | X24: 0 | Y24: 2 | Z24: 1 | AA24: 100 | AB24: 0 | AC24: 0 | AH24: ["tesla"]
A25: cannon | B25: weapon | C25: ["china"] | D25: 0 | E25: 0 | F25: 1 | G25: 200 | H25: 500 | I25: 0 | J25: 0 | K25: 0 | L25: 0 | M25: 0 | O25: 0 | P25: 0 | Q25: 0 | R25: 0 | S25: 0 | T25: 0 | U25: 0 | V25: 0 | W25: 0 | X25: 0 | Y25: 0 | Z25: 0 | AA25: 0 | AB25: 4 | AC25: 0 | AE25: CHBattlemasterCannon | AI25: ["shell", "nuclear-shell"]
A26: artillery | B26: weapon | C26: ["gdi"] | D26: 0 | E26: 0 | F26: 3 | G26: 300 | H26: 900 | I26: 0 | J26: 0 | K26: 0 | L26: 0 | M26: 0 | O26: 0 | P26: 0 | Q26: 0 | R26: 0 | S26: 0 | T26: 0 | U26: 0 | V26: 0 | W26: 0 | X26: 0 | Y26: 0 | Z26: 0 | AA26: 0 | AB26: 0 | AC26: 0 | AE26: JuggernautGun | AI26: ["artillery-shell", "emp-shell"]
A27: tesla | B27: weapon | C27: ["soviet"] | D27: 1 | E27: 0 | F27: 2 | G27: 350 | H27: 700 | I27: 50 | J27: 0 | K27: 0 | L27: 0 | M27: 0 | O27: 0 | P27: 0 | Q27: 0 | R27: 0 | S27: 0 | T27: 0 | U27: 0 | V27: 0 | W27: 0 | X27: 0 | Y27: 0 | Z27: 0 | AA27: 0 | AB27: 0 | AC27: 0 | AE27: TTankZapMK2 | AI27: ["discharge"]
A28: shell | B28: ammunition | C28: ["china"] | D28: 0 | E28: 0 | F28: 1 | G28: 50 | H28: 400 | I28: 0 | J28: 0 | K28: 0 | L28: 0 | M28: 0 | O28: 0 | P28: 0 | Q28: 0 | R28: 0 | S28: 0 | T28: 0 | U28: 0 | V28: 0 | W28: 0 | X28: 0 | Y28: 0 | Z28: 0 | AA28: 0 | AB28: 0 | AC28: 5000
A29: nuclear-shell | B29: ammunition | C29: ["china"] | D29: 1 | E29: 1 | F29: 1 | G29: 350 | H29: 400 | I29: 0 | J29: 0 | K29: 0 | L29: 0 | M29: 0 | O29: 0 | P29: 0 | Q29: 0 | R29: 0 | S29: 0 | T29: 0 | U29: 0 | V29: 0 | W29: 0 | X29: 0 | Y29: 0 | Z29: 0 | AA29: 0 | AB29: 0 | AC29: 10000 | AD29: First fit: same mass, no additional electric load; +300 hardware offsets 1 CP. Radiation, falloff and recoil need engine composition, not just damage copying. | AE29: CHBattlemasterCannon.Nuclear_Shells
A30: artillery-shell | B30: ammunition | C30: ["gdi"] | D30: 0 | E30: 0 | F30: 3 | G30: 200 | H30: 1000 | I30: 0 | J30: 0 | K30: 0 | L30: 0 | M30: 0 | O30: 0 | P30: 0 | Q30: 0 | R30: 0 | S30: 0 | T30: 0 | U30: 0 | V30: 0 | W30: 0 | X30: 0 | Y30: 0 | Z30: 0 | AA30: 0 | AB30: 0 | AC30: 0
A31: emp-shell | B31: ammunition | C31: ["gdi"] | D31: 1 | E31: 1 | F31: 3 | G31: 300 | H31: 1000 | I31: 20 | J31: 0 | K31: 0 | L31: 0 | M31: 0 | O31: 0 | P31: 0 | Q31: 0 | R31: 0 | S31: 0 | T31: 0 | U31: 0 | V31: 0 | W31: 0 | X31: 0 | Y31: 0 | Z31: 0 | AA31: 0 | AB31: 0 | AC31: 0 | AE31: JuggernautGun.Emp
A32: discharge | B32: ammunition | C32: ["soviet"] | D32: 0 | E32: 0 | F32: 2 | G32: 100 | H32: 200 | I32: 0 | J32: 0 | K32: 0 | L32: 0 | M32: 0 | O32: 0 | P32: 0 | Q32: 0 | R32: 0 | S32: 0 | T32: 0 | U32: 0 | V32: 0 | W32: 0 | X32: 0 | Y32: 0 | Z32: 0 | AA32: 0 | AB32: 0 | AC32: 0 | AD32: Fixed payload-package mass, not physical shells; no duplicate Tesla electrical charge.
A33: pdl | B33: equipment | C33: ["china"] | D33: 1 | E33: 1 | F33: 3 | G33: 650 | H33: 300 | I33: 47 | J33: 0 | K33: 0 | L33: 0 | M33: 0 | O33: 0 | P33: 0 | Q33: 0 | R33: 0 | S33: 0 | T33: 0 | U33: 0 | V33: 0 | W33: 0 | X33: 0 | Y33: 0 | Z33: 0 | AA33: 0 | AB33: 0 | AC33: 0 | AE33: ^PointLaserDefenseSystem

Sheet Entwuerfe
A1: Design | B1: Fraktion | C1: Chassis | D1: Motor | E1: Generator | F1: Panzerung | G1: Traeger | H1: Waffe | I1: Munition | J1: Zusatz 1 | K1: Zusatz 2 | L1: Zusatz 3 | M1: Katalog | N1: CP | O1: Tech | P1: Hardware | Q1: CP-Abzug | R1: Preis | S1: HP | T1: Masse kg | U1: Last kWe | V1: Rest kWm | W1: Tempo | X1: Armor | Y1: Grenzen | Z1: Python Preis | AA1: Python Tempo | AB1: Referenzhinweis
A2: Dragon Tank | B2: china | C2: dragon-chassis | D2: diesel | E2: baseline-generator | F2: heavy | G2: flame-turret | H2: dragon-flamer | I2: flame-fuel | M2: =IF(C2="",0,VLOOKUP(C2,Bausteine!$A$2:$AI$33,4,FALSE))+IF(D2="",0,VLOOKUP(D2,Bausteine!$A$2:$AI$33,4,FALSE))+IF(E2="",0,VLOOKUP(E2,Bausteine!$A$2:$AI$33,4,FALSE))+IF(F2="",0,VLOOKUP(F2,Bausteine!$A$2:$AI$33,4,FALSE))+IF(G2="",0,VLOOKUP(G2,Bausteine!$A$2:$AI$33,4,FALSE))+IF(H2="",0,VLOOKUP(H2,Bausteine!$A$2:$AI$33,4,FALSE))+IF(I2="",0,VLOOKUP(I2,Bausteine!$A$2:$AI$33,4,FALSE))+IF(J2="",0,VLOOKUP(J2,Bausteine!$A$2:$AI$33,4,FALSE))+IF(K2="",0,VLOOKUP(K2,Bausteine!$A$2:$AI$33,4,FALSE))+IF(L2="",0,VLOOKUP(L2,Bausteine!$A$2:$AI$33,4,FALSE)) | N2: =IF(C2="",0,VLOOKUP(C2,Bausteine!$A$2:$AI$33,5,FALSE))+IF(D2="",0,VLOOKUP(D2,Bausteine!$A$2:$AI$33,5,FALSE))+IF(E2="",0,VLOOKUP(E2,Bausteine!$A$2:$AI$33,5,FALSE))+IF(F2="",0,VLOOKUP(F2,Bausteine!$A$2:$AI$33,5,FALSE))+IF(G2="",0,VLOOKUP(G2,Bausteine!$A$2:$AI$33,5,FALSE))+IF(H2="",0,VLOOKUP(H2,Bausteine!$A$2:$AI$33,5,FALSE))+IF(I2="",0,VLOOKUP(I2,Bausteine!$A$2:$AI$33,5,FALSE))+IF(J2="",0,VLOOKUP(J2,Bausteine!$A$2:$AI$33,5,FALSE))+IF(K2="",0,VLOOKUP(K2,Bausteine!$A$2:$AI$33,5,FALSE))+IF(L2="",0,VLOOKUP(L2,Bausteine!$A$2:$AI$33,5,FALSE)) | O2: =MAX(IF(C2="",0,VLOOKUP(C2,Bausteine!$A$2:$AI$33,6,FALSE)),IF(D2="",0,VLOOKUP(D2,Bausteine!$A$2:$AI$33,6,FALSE)),IF(E2="",0,VLOOKUP(E2,Bausteine!$A$2:$AI$33,6,FALSE)),IF(F2="",0,VLOOKUP(F2,Bausteine!$A$2:$AI$33,6,FALSE)),IF(G2="",0,VLOOKUP(G2,Bausteine!$A$2:$AI$33,6,FALSE)),IF(H2="",0,VLOOKUP(H2,Bausteine!$A$2:$AI$33,6,FALSE)),IF(I2="",0,VLOOKUP(I2,Bausteine!$A$2:$AI$33,6,FALSE)),IF(J2="",0,VLOOKUP(J2,Bausteine!$A$2:$AI$33,6,FALSE)),IF(K2="",0,VLOOKUP(K2,Bausteine!$A$2:$AI$33,6,FALSE)),IF(L2="",0,VLOOKUP(L2,Bausteine!$A$2:$AI$33,6,FALSE))) | P2: =IF(C2="",0,VLOOKUP(C2,Bausteine!$A$2:$AI$33,7,FALSE))*IF(F2="",0,VLOOKUP(F2,Bausteine!$A$2:$AI$33,17,FALSE))/100+IF(D2="",0,VLOOKUP(D2,Bausteine!$A$2:$AI$33,7,FALSE))+IF(E2="",0,VLOOKUP(E2,Bausteine!$A$2:$AI$33,7,FALSE))+IF(G2="",0,VLOOKUP(G2,Bausteine!$A$2:$AI$33,7,FALSE))+IF(H2="",0,VLOOKUP(H2,Bausteine!$A$2:$AI$33,7,FALSE))+IF(I2="",0,VLOOKUP(I2,Bausteine!$A$2:$AI$33,7,FALSE))+IF(J2="",0,VLOOKUP(J2,Bausteine!$A$2:$AI$33,7,FALSE))+IF(K2="",0,VLOOKUP(K2,Bausteine!$A$2:$AI$33,7,FALSE))+IF(L2="",0,VLOOKUP(L2,Bausteine!$A$2:$AI$33,7,FALSE)) | Q2: =N2*Parameter!$B$2 | R2: =P2-Q2 | S2: =IF(C2="",0,VLOOKUP(C2,Bausteine!$A$2:$AI$33,13,FALSE))*IF(F2="",0,VLOOKUP(F2,Bausteine!$A$2:$AI$33,16,FALSE))/100 | T2: =IF(C2="",0,VLOOKUP(C2,Bausteine!$A$2:$AI$33,8,FALSE))*IF(F2="",0,VLOOKUP(F2,Bausteine!$A$2:$AI$33,15,FALSE))/100+IF(D2="",0,VLOOKUP(D2,Bausteine!$A$2:$AI$33,8,FALSE))+IF(E2="",0,VLOOKUP(E2,Bausteine!$A$2:$AI$33,8,FALSE))+IF(G2="",0,VLOOKUP(G2,Bausteine!$A$2:$AI$33,8,FALSE))+IF(H2="",0,VLOOKUP(H2,Bausteine!$A$2:$AI$33,8,FALSE))+IF(I2="",0,VLOOKUP(I2,Bausteine!$A$2:$AI$33,8,FALSE))+IF(J2="",0,VLOOKUP(J2,Bausteine!$A$2:$AI$33,8,FALSE))+IF(K2="",0,VLOOKUP(K2,Bausteine!$A$2:$AI$33,8,FALSE))+IF(L2="",0,VLOOKUP(L2,Bausteine!$A$2:$AI$33,8,FALSE)) | U2: =IF(C2="",0,VLOOKUP(C2,Bausteine!$A$2:$AI$33,9,FALSE))+IF(D2="",0,VLOOKUP(D2,Bausteine!$A$2:$AI$33,9,FALSE))+IF(E2="",0,VLOOKUP(E2,Bausteine!$A$2:$AI$33,9,FALSE))+IF(F2="",0,VLOOKUP(F2,Bausteine!$A$2:$AI$33,9,FALSE))+IF(G2="",0,VLOOKUP(G2,Bausteine!$A$2:$AI$33,9,FALSE))+IF(H2="",0,VLOOKUP(H2,Bausteine!$A$2:$AI$33,9,FALSE))+IF(I2="",0,VLOOKUP(I2,Bausteine!$A$2:$AI$33,9,FALSE))+IF(J2="",0,VLOOKUP(J2,Bausteine!$A$2:$AI$33,9,FALSE))+IF(K2="",0,VLOOKUP(K2,Bausteine!$A$2:$AI$33,9,FALSE))+IF(L2="",0,VLOOKUP(L2,Bausteine!$A$2:$AI$33,9,FALSE)) | V2: =IF(D2="",0,VLOOKUP(D2,Bausteine!$A$2:$AI$33,10,FALSE))-U2/IF(E2="",0,VLOOKUP(E2,Bausteine!$A$2:$AI$33,11,FALSE)) | W2: =IF(Y2<>"OK","",ROUND(MIN(IF(C2="",0,VLOOKUP(C2,Bausteine!$A$2:$AI$33,21,FALSE)),IF(C2="",0,VLOOKUP(C2,Bausteine!$A$2:$AI$33,20,FALSE))*(V2/T2/(IF(C2="",0,VLOOKUP(C2,Bausteine!$A$2:$AI$33,19,FALSE))/IF(C2="",0,VLOOKUP(C2,Bausteine!$A$2:$AI$33,18,FALSE))))^Parameter!$B$3),0)) | X2: =IF(F2="",0,VLOOKUP(F2,Bausteine!$A$2:$AI$33,14,FALSE)) | Y2: =IFERROR(IF(OR(R2<=0,T2<=0,V2<=0,U2>IF(E2="",0,VLOOKUP(E2,Bausteine!$A$2:$AI$33,12,FALSE)),T2>IF(C2="",0,VLOOKUP(C2,Bausteine!$A$2:$AI$33,22,FALSE)),IF(E2="",0,VLOOKUP(E2,Bausteine!$A$2:$AI$33,11,FALSE))<=0,IF(E2="",0,VLOOKUP(E2,Bausteine!$A$2:$AI$33,11,FALSE))>1),"UNGUELTIG","OK"),"FEHLER") | Z2: 600 | AA2: 103 | AB2: Normal non-deployed, no Black Napalm. Full Firewall behavior not modeled.
A3: Dragon Tank PDL | B3: china | C3: dragon-chassis | D3: diesel-large | E3: efficient-generator | F3: heavy | G3: flame-turret | H3: dragon-flamer | I3: flame-fuel | J3: pdl | M3: =IF(C3="",0,VLOOKUP(C3,Bausteine!$A$2:$AI$33,4,FALSE))+IF(D3="",0,VLOOKUP(D3,Bausteine!$A$2:$AI$33,4,FALSE))+IF(E3="",0,VLOOKUP(E3,Bausteine!$A$2:$AI$33,4,FALSE))+IF(F3="",0,VLOOKUP(F3,Bausteine!$A$2:$AI$33,4,FALSE))+IF(G3="",0,VLOOKUP(G3,Bausteine!$A$2:$AI$33,4,FALSE))+IF(H3="",0,VLOOKUP(H3,Bausteine!$A$2:$AI$33,4,FALSE))+IF(I3="",0,VLOOKUP(I3,Bausteine!$A$2:$AI$33,4,FALSE))+IF(J3="",0,VLOOKUP(J3,Bausteine!$A$2:$AI$33,4,FALSE))+IF(K3="",0,VLOOKUP(K3,Bausteine!$A$2:$AI$33,4,FALSE))+IF(L3="",0,VLOOKUP(L3,Bausteine!$A$2:$AI$33,4,FALSE)) | N3: =IF(C3="",0,VLOOKUP(C3,Bausteine!$A$2:$AI$33,5,FALSE))+IF(D3="",0,VLOOKUP(D3,Bausteine!$A$2:$AI$33,5,FALSE))+IF(E3="",0,VLOOKUP(E3,Bausteine!$A$2:$AI$33,5,FALSE))+IF(F3="",0,VLOOKUP(F3,Bausteine!$A$2:$AI$33,5,FALSE))+IF(G3="",0,VLOOKUP(G3,Bausteine!$A$2:$AI$33,5,FALSE))+IF(H3="",0,VLOOKUP(H3,Bausteine!$A$2:$AI$33,5,FALSE))+IF(I3="",0,VLOOKUP(I3,Bausteine!$A$2:$AI$33,5,FALSE))+IF(J3="",0,VLOOKUP(J3,Bausteine!$A$2:$AI$33,5,FALSE))+IF(K3="",0,VLOOKUP(K3,Bausteine!$A$2:$AI$33,5,FALSE))+IF(L3="",0,VLOOKUP(L3,Bausteine!$A$2:$AI$33,5,FALSE)) | O3: =MAX(IF(C3="",0,VLOOKUP(C3,Bausteine!$A$2:$AI$33,6,FALSE)),IF(D3="",0,VLOOKUP(D3,Bausteine!$A$2:$AI$33,6,FALSE)),IF(E3="",0,VLOOKUP(E3,Bausteine!$A$2:$AI$33,6,FALSE)),IF(F3="",0,VLOOKUP(F3,Bausteine!$A$2:$AI$33,6,FALSE)),IF(G3="",0,VLOOKUP(G3,Bausteine!$A$2:$AI$33,6,FALSE)),IF(H3="",0,VLOOKUP(H3,Bausteine!$A$2:$AI$33,6,FALSE)),IF(I3="",0,VLOOKUP(I3,Bausteine!$A$2:$AI$33,6,FALSE)),IF(J3="",0,VLOOKUP(J3,Bausteine!$A$2:$AI$33,6,FALSE)),IF(K3="",0,VLOOKUP(K3,Bausteine!$A$2:$AI$33,6,FALSE)),IF(L3="",0,VLOOKUP(L3,Bausteine!$A$2:$AI$33,6,FALSE))) | P3: =IF(C3="",0,VLOOKUP(C3,Bausteine!$A$2:$AI$33,7,FALSE))*IF(F3="",0,VLOOKUP(F3,Bausteine!$A$2:$AI$33,17,FALSE))/100+IF(D3="",0,VLOOKUP(D3,Bausteine!$A$2:$AI$33,7,FALSE))+IF(E3="",0,VLOOKUP(E3,Bausteine!$A$2:$AI$33,7,FALSE))+IF(G3="",0,VLOOKUP(G3,Bausteine!$A$2:$AI$33,7,FALSE))+IF(H3="",0,VLOOKUP(H3,Bausteine!$A$2:$AI$33,7,FALSE))+IF(I3="",0,VLOOKUP(I3,Bausteine!$A$2:$AI$33,7,FALSE))+IF(J3="",0,VLOOKUP(J3,Bausteine!$A$2:$AI$33,7,FALSE))+IF(K3="",0,VLOOKUP(K3,Bausteine!$A$2:$AI$33,7,FALSE))+IF(L3="",0,VLOOKUP(L3,Bausteine!$A$2:$AI$33,7,FALSE)) | Q3: =N3*Parameter!$B$2 | R3: =P3-Q3 | S3: =IF(C3="",0,VLOOKUP(C3,Bausteine!$A$2:$AI$33,13,FALSE))*IF(F3="",0,VLOOKUP(F3,Bausteine!$A$2:$AI$33,16,FALSE))/100 | T3: =IF(C3="",0,VLOOKUP(C3,Bausteine!$A$2:$AI$33,8,FALSE))*IF(F3="",0,VLOOKUP(F3,Bausteine!$A$2:$AI$33,15,FALSE))/100+IF(D3="",0,VLOOKUP(D3,Bausteine!$A$2:$AI$33,8,FALSE))+IF(E3="",0,VLOOKUP(E3,Bausteine!$A$2:$AI$33,8,FALSE))+IF(G3="",0,VLOOKUP(G3,Bausteine!$A$2:$AI$33,8,FALSE))+IF(H3="",0,VLOOKUP(H3,Bausteine!$A$2:$AI$33,8,FALSE))+IF(I3="",0,VLOOKUP(I3,Bausteine!$A$2:$AI$33,8,FALSE))+IF(J3="",0,VLOOKUP(J3,Bausteine!$A$2:$AI$33,8,FALSE))+IF(K3="",0,VLOOKUP(K3,Bausteine!$A$2:$AI$33,8,FALSE))+IF(L3="",0,VLOOKUP(L3,Bausteine!$A$2:$AI$33,8,FALSE)) | U3: =IF(C3="",0,VLOOKUP(C3,Bausteine!$A$2:$AI$33,9,FALSE))+IF(D3="",0,VLOOKUP(D3,Bausteine!$A$2:$AI$33,9,FALSE))+IF(E3="",0,VLOOKUP(E3,Bausteine!$A$2:$AI$33,9,FALSE))+IF(F3="",0,VLOOKUP(F3,Bausteine!$A$2:$AI$33,9,FALSE))+IF(G3="",0,VLOOKUP(G3,Bausteine!$A$2:$AI$33,9,FALSE))+IF(H3="",0,VLOOKUP(H3,Bausteine!$A$2:$AI$33,9,FALSE))+IF(I3="",0,VLOOKUP(I3,Bausteine!$A$2:$AI$33,9,FALSE))+IF(J3="",0,VLOOKUP(J3,Bausteine!$A$2:$AI$33,9,FALSE))+IF(K3="",0,VLOOKUP(K3,Bausteine!$A$2:$AI$33,9,FALSE))+IF(L3="",0,VLOOKUP(L3,Bausteine!$A$2:$AI$33,9,FALSE)) | V3: =IF(D3="",0,VLOOKUP(D3,Bausteine!$A$2:$AI$33,10,FALSE))-U3/IF(E3="",0,VLOOKUP(E3,Bausteine!$A$2:$AI$33,11,FALSE)) | W3: =IF(Y3<>"OK","",ROUND(MIN(IF(C3="",0,VLOOKUP(C3,Bausteine!$A$2:$AI$33,21,FALSE)),IF(C3="",0,VLOOKUP(C3,Bausteine!$A$2:$AI$33,20,FALSE))*(V3/T3/(IF(C3="",0,VLOOKUP(C3,Bausteine!$A$2:$AI$33,19,FALSE))/IF(C3="",0,VLOOKUP(C3,Bausteine!$A$2:$AI$33,18,FALSE))))^Parameter!$B$3),0)) | X3: =IF(F3="",0,VLOOKUP(F3,Bausteine!$A$2:$AI$33,14,FALSE)) | Y3: =IFERROR(IF(OR(R3<=0,T3<=0,V3<=0,U3>IF(E3="",0,VLOOKUP(E3,Bausteine!$A$2:$AI$33,12,FALSE)),T3>IF(C3="",0,VLOOKUP(C3,Bausteine!$A$2:$AI$33,22,FALSE)),IF(E3="",0,VLOOKUP(E3,Bausteine!$A$2:$AI$33,11,FALSE))<=0,IF(E3="",0,VLOOKUP(E3,Bausteine!$A$2:$AI$33,11,FALSE))>1),"UNGUELTIG","OK"),"FEHLER") | Z3: 1250 | AA3: 103 | AB3: Existing shared PDL package; no family-specific discount.
A4: Dragon Tank Reflector | B4: china | C4: dragon-chassis | D4: diesel-large | E4: efficient-generator | F4: reflector | G4: flame-turret | H4: dragon-flamer | I4: flame-fuel | M4: =IF(C4="",0,VLOOKUP(C4,Bausteine!$A$2:$AI$33,4,FALSE))+IF(D4="",0,VLOOKUP(D4,Bausteine!$A$2:$AI$33,4,FALSE))+IF(E4="",0,VLOOKUP(E4,Bausteine!$A$2:$AI$33,4,FALSE))+IF(F4="",0,VLOOKUP(F4,Bausteine!$A$2:$AI$33,4,FALSE))+IF(G4="",0,VLOOKUP(G4,Bausteine!$A$2:$AI$33,4,FALSE))+IF(H4="",0,VLOOKUP(H4,Bausteine!$A$2:$AI$33,4,FALSE))+IF(I4="",0,VLOOKUP(I4,Bausteine!$A$2:$AI$33,4,FALSE))+IF(J4="",0,VLOOKUP(J4,Bausteine!$A$2:$AI$33,4,FALSE))+IF(K4="",0,VLOOKUP(K4,Bausteine!$A$2:$AI$33,4,FALSE))+IF(L4="",0,VLOOKUP(L4,Bausteine!$A$2:$AI$33,4,FALSE)) | N4: =IF(C4="",0,VLOOKUP(C4,Bausteine!$A$2:$AI$33,5,FALSE))+IF(D4="",0,VLOOKUP(D4,Bausteine!$A$2:$AI$33,5,FALSE))+IF(E4="",0,VLOOKUP(E4,Bausteine!$A$2:$AI$33,5,FALSE))+IF(F4="",0,VLOOKUP(F4,Bausteine!$A$2:$AI$33,5,FALSE))+IF(G4="",0,VLOOKUP(G4,Bausteine!$A$2:$AI$33,5,FALSE))+IF(H4="",0,VLOOKUP(H4,Bausteine!$A$2:$AI$33,5,FALSE))+IF(I4="",0,VLOOKUP(I4,Bausteine!$A$2:$AI$33,5,FALSE))+IF(J4="",0,VLOOKUP(J4,Bausteine!$A$2:$AI$33,5,FALSE))+IF(K4="",0,VLOOKUP(K4,Bausteine!$A$2:$AI$33,5,FALSE))+IF(L4="",0,VLOOKUP(L4,Bausteine!$A$2:$AI$33,5,FALSE)) | O4: =MAX(IF(C4="",0,VLOOKUP(C4,Bausteine!$A$2:$AI$33,6,FALSE)),IF(D4="",0,VLOOKUP(D4,Bausteine!$A$2:$AI$33,6,FALSE)),IF(E4="",0,VLOOKUP(E4,Bausteine!$A$2:$AI$33,6,FALSE)),IF(F4="",0,VLOOKUP(F4,Bausteine!$A$2:$AI$33,6,FALSE)),IF(G4="",0,VLOOKUP(G4,Bausteine!$A$2:$AI$33,6,FALSE)),IF(H4="",0,VLOOKUP(H4,Bausteine!$A$2:$AI$33,6,FALSE)),IF(I4="",0,VLOOKUP(I4,Bausteine!$A$2:$AI$33,6,FALSE)),IF(J4="",0,VLOOKUP(J4,Bausteine!$A$2:$AI$33,6,FALSE)),IF(K4="",0,VLOOKUP(K4,Bausteine!$A$2:$AI$33,6,FALSE)),IF(L4="",0,VLOOKUP(L4,Bausteine!$A$2:$AI$33,6,FALSE))) | P4: =IF(C4="",0,VLOOKUP(C4,Bausteine!$A$2:$AI$33,7,FALSE))*IF(F4="",0,VLOOKUP(F4,Bausteine!$A$2:$AI$33,17,FALSE))/100+IF(D4="",0,VLOOKUP(D4,Bausteine!$A$2:$AI$33,7,FALSE))+IF(E4="",0,VLOOKUP(E4,Bausteine!$A$2:$AI$33,7,FALSE))+IF(G4="",0,VLOOKUP(G4,Bausteine!$A$2:$AI$33,7,FALSE))+IF(H4="",0,VLOOKUP(H4,Bausteine!$A$2:$AI$33,7,FALSE))+IF(I4="",0,VLOOKUP(I4,Bausteine!$A$2:$AI$33,7,FALSE))+IF(J4="",0,VLOOKUP(J4,Bausteine!$A$2:$AI$33,7,FALSE))+IF(K4="",0,VLOOKUP(K4,Bausteine!$A$2:$AI$33,7,FALSE))+IF(L4="",0,VLOOKUP(L4,Bausteine!$A$2:$AI$33,7,FALSE)) | Q4: =N4*Parameter!$B$2 | R4: =P4-Q4 | S4: =IF(C4="",0,VLOOKUP(C4,Bausteine!$A$2:$AI$33,13,FALSE))*IF(F4="",0,VLOOKUP(F4,Bausteine!$A$2:$AI$33,16,FALSE))/100 | T4: =IF(C4="",0,VLOOKUP(C4,Bausteine!$A$2:$AI$33,8,FALSE))*IF(F4="",0,VLOOKUP(F4,Bausteine!$A$2:$AI$33,15,FALSE))/100+IF(D4="",0,VLOOKUP(D4,Bausteine!$A$2:$AI$33,8,FALSE))+IF(E4="",0,VLOOKUP(E4,Bausteine!$A$2:$AI$33,8,FALSE))+IF(G4="",0,VLOOKUP(G4,Bausteine!$A$2:$AI$33,8,FALSE))+IF(H4="",0,VLOOKUP(H4,Bausteine!$A$2:$AI$33,8,FALSE))+IF(I4="",0,VLOOKUP(I4,Bausteine!$A$2:$AI$33,8,FALSE))+IF(J4="",0,VLOOKUP(J4,Bausteine!$A$2:$AI$33,8,FALSE))+IF(K4="",0,VLOOKUP(K4,Bausteine!$A$2:$AI$33,8,FALSE))+IF(L4="",0,VLOOKUP(L4,Bausteine!$A$2:$AI$33,8,FALSE)) | U4: =IF(C4="",0,VLOOKUP(C4,Bausteine!$A$2:$AI$33,9,FALSE))+IF(D4="",0,VLOOKUP(D4,Bausteine!$A$2:$AI$33,9,FALSE))+IF(E4="",0,VLOOKUP(E4,Bausteine!$A$2:$AI$33,9,FALSE))+IF(F4="",0,VLOOKUP(F4,Bausteine!$A$2:$AI$33,9,FALSE))+IF(G4="",0,VLOOKUP(G4,Bausteine!$A$2:$AI$33,9,FALSE))+IF(H4="",0,VLOOKUP(H4,Bausteine!$A$2:$AI$33,9,FALSE))+IF(I4="",0,VLOOKUP(I4,Bausteine!$A$2:$AI$33,9,FALSE))+IF(J4="",0,VLOOKUP(J4,Bausteine!$A$2:$AI$33,9,FALSE))+IF(K4="",0,VLOOKUP(K4,Bausteine!$A$2:$AI$33,9,FALSE))+IF(L4="",0,VLOOKUP(L4,Bausteine!$A$2:$AI$33,9,FALSE)) | V4: =IF(D4="",0,VLOOKUP(D4,Bausteine!$A$2:$AI$33,10,FALSE))-U4/IF(E4="",0,VLOOKUP(E4,Bausteine!$A$2:$AI$33,11,FALSE)) | W4: =IF(Y4<>"OK","",ROUND(MIN(IF(C4="",0,VLOOKUP(C4,Bausteine!$A$2:$AI$33,21,FALSE)),IF(C4="",0,VLOOKUP(C4,Bausteine!$A$2:$AI$33,20,FALSE))*(V4/T4/(IF(C4="",0,VLOOKUP(C4,Bausteine!$A$2:$AI$33,19,FALSE))/IF(C4="",0,VLOOKUP(C4,Bausteine!$A$2:$AI$33,18,FALSE))))^Parameter!$B$3),0)) | X4: =IF(F4="",0,VLOOKUP(F4,Bausteine!$A$2:$AI$33,14,FALSE)) | Y4: =IFERROR(IF(OR(R4<=0,T4<=0,V4<=0,U4>IF(E4="",0,VLOOKUP(E4,Bausteine!$A$2:$AI$33,12,FALSE)),T4>IF(C4="",0,VLOOKUP(C4,Bausteine!$A$2:$AI$33,22,FALSE)),IF(E4="",0,VLOOKUP(E4,Bausteine!$A$2:$AI$33,11,FALSE))<=0,IF(E4="",0,VLOOKUP(E4,Bausteine!$A$2:$AI$33,11,FALSE))>1),"UNGUELTIG","OK"),"FEHLER") | Z4: 600 | AA4: 103
A5: Gatling Tank | B5: china | C5: gatling-chassis | D5: diesel | E5: baseline-generator | F5: heavy | G5: gatling-turret | H5: gatling-gun | I5: gatling-rounds | M5: =IF(C5="",0,VLOOKUP(C5,Bausteine!$A$2:$AI$33,4,FALSE))+IF(D5="",0,VLOOKUP(D5,Bausteine!$A$2:$AI$33,4,FALSE))+IF(E5="",0,VLOOKUP(E5,Bausteine!$A$2:$AI$33,4,FALSE))+IF(F5="",0,VLOOKUP(F5,Bausteine!$A$2:$AI$33,4,FALSE))+IF(G5="",0,VLOOKUP(G5,Bausteine!$A$2:$AI$33,4,FALSE))+IF(H5="",0,VLOOKUP(H5,Bausteine!$A$2:$AI$33,4,FALSE))+IF(I5="",0,VLOOKUP(I5,Bausteine!$A$2:$AI$33,4,FALSE))+IF(J5="",0,VLOOKUP(J5,Bausteine!$A$2:$AI$33,4,FALSE))+IF(K5="",0,VLOOKUP(K5,Bausteine!$A$2:$AI$33,4,FALSE))+IF(L5="",0,VLOOKUP(L5,Bausteine!$A$2:$AI$33,4,FALSE)) | N5: =IF(C5="",0,VLOOKUP(C5,Bausteine!$A$2:$AI$33,5,FALSE))+IF(D5="",0,VLOOKUP(D5,Bausteine!$A$2:$AI$33,5,FALSE))+IF(E5="",0,VLOOKUP(E5,Bausteine!$A$2:$AI$33,5,FALSE))+IF(F5="",0,VLOOKUP(F5,Bausteine!$A$2:$AI$33,5,FALSE))+IF(G5="",0,VLOOKUP(G5,Bausteine!$A$2:$AI$33,5,FALSE))+IF(H5="",0,VLOOKUP(H5,Bausteine!$A$2:$AI$33,5,FALSE))+IF(I5="",0,VLOOKUP(I5,Bausteine!$A$2:$AI$33,5,FALSE))+IF(J5="",0,VLOOKUP(J5,Bausteine!$A$2:$AI$33,5,FALSE))+IF(K5="",0,VLOOKUP(K5,Bausteine!$A$2:$AI$33,5,FALSE))+IF(L5="",0,VLOOKUP(L5,Bausteine!$A$2:$AI$33,5,FALSE)) | O5: =MAX(IF(C5="",0,VLOOKUP(C5,Bausteine!$A$2:$AI$33,6,FALSE)),IF(D5="",0,VLOOKUP(D5,Bausteine!$A$2:$AI$33,6,FALSE)),IF(E5="",0,VLOOKUP(E5,Bausteine!$A$2:$AI$33,6,FALSE)),IF(F5="",0,VLOOKUP(F5,Bausteine!$A$2:$AI$33,6,FALSE)),IF(G5="",0,VLOOKUP(G5,Bausteine!$A$2:$AI$33,6,FALSE)),IF(H5="",0,VLOOKUP(H5,Bausteine!$A$2:$AI$33,6,FALSE)),IF(I5="",0,VLOOKUP(I5,Bausteine!$A$2:$AI$33,6,FALSE)),IF(J5="",0,VLOOKUP(J5,Bausteine!$A$2:$AI$33,6,FALSE)),IF(K5="",0,VLOOKUP(K5,Bausteine!$A$2:$AI$33,6,FALSE)),IF(L5="",0,VLOOKUP(L5,Bausteine!$A$2:$AI$33,6,FALSE))) | P5: =IF(C5="",0,VLOOKUP(C5,Bausteine!$A$2:$AI$33,7,FALSE))*IF(F5="",0,VLOOKUP(F5,Bausteine!$A$2:$AI$33,17,FALSE))/100+IF(D5="",0,VLOOKUP(D5,Bausteine!$A$2:$AI$33,7,FALSE))+IF(E5="",0,VLOOKUP(E5,Bausteine!$A$2:$AI$33,7,FALSE))+IF(G5="",0,VLOOKUP(G5,Bausteine!$A$2:$AI$33,7,FALSE))+IF(H5="",0,VLOOKUP(H5,Bausteine!$A$2:$AI$33,7,FALSE))+IF(I5="",0,VLOOKUP(I5,Bausteine!$A$2:$AI$33,7,FALSE))+IF(J5="",0,VLOOKUP(J5,Bausteine!$A$2:$AI$33,7,FALSE))+IF(K5="",0,VLOOKUP(K5,Bausteine!$A$2:$AI$33,7,FALSE))+IF(L5="",0,VLOOKUP(L5,Bausteine!$A$2:$AI$33,7,FALSE)) | Q5: =N5*Parameter!$B$2 | R5: =P5-Q5 | S5: =IF(C5="",0,VLOOKUP(C5,Bausteine!$A$2:$AI$33,13,FALSE))*IF(F5="",0,VLOOKUP(F5,Bausteine!$A$2:$AI$33,16,FALSE))/100 | T5: =IF(C5="",0,VLOOKUP(C5,Bausteine!$A$2:$AI$33,8,FALSE))*IF(F5="",0,VLOOKUP(F5,Bausteine!$A$2:$AI$33,15,FALSE))/100+IF(D5="",0,VLOOKUP(D5,Bausteine!$A$2:$AI$33,8,FALSE))+IF(E5="",0,VLOOKUP(E5,Bausteine!$A$2:$AI$33,8,FALSE))+IF(G5="",0,VLOOKUP(G5,Bausteine!$A$2:$AI$33,8,FALSE))+IF(H5="",0,VLOOKUP(H5,Bausteine!$A$2:$AI$33,8,FALSE))+IF(I5="",0,VLOOKUP(I5,Bausteine!$A$2:$AI$33,8,FALSE))+IF(J5="",0,VLOOKUP(J5,Bausteine!$A$2:$AI$33,8,FALSE))+IF(K5="",0,VLOOKUP(K5,Bausteine!$A$2:$AI$33,8,FALSE))+IF(L5="",0,VLOOKUP(L5,Bausteine!$A$2:$AI$33,8,FALSE)) | U5: =IF(C5="",0,VLOOKUP(C5,Bausteine!$A$2:$AI$33,9,FALSE))+IF(D5="",0,VLOOKUP(D5,Bausteine!$A$2:$AI$33,9,FALSE))+IF(E5="",0,VLOOKUP(E5,Bausteine!$A$2:$AI$33,9,FALSE))+IF(F5="",0,VLOOKUP(F5,Bausteine!$A$2:$AI$33,9,FALSE))+IF(G5="",0,VLOOKUP(G5,Bausteine!$A$2:$AI$33,9,FALSE))+IF(H5="",0,VLOOKUP(H5,Bausteine!$A$2:$AI$33,9,FALSE))+IF(I5="",0,VLOOKUP(I5,Bausteine!$A$2:$AI$33,9,FALSE))+IF(J5="",0,VLOOKUP(J5,Bausteine!$A$2:$AI$33,9,FALSE))+IF(K5="",0,VLOOKUP(K5,Bausteine!$A$2:$AI$33,9,FALSE))+IF(L5="",0,VLOOKUP(L5,Bausteine!$A$2:$AI$33,9,FALSE)) | V5: =IF(D5="",0,VLOOKUP(D5,Bausteine!$A$2:$AI$33,10,FALSE))-U5/IF(E5="",0,VLOOKUP(E5,Bausteine!$A$2:$AI$33,11,FALSE)) | W5: =IF(Y5<>"OK","",ROUND(MIN(IF(C5="",0,VLOOKUP(C5,Bausteine!$A$2:$AI$33,21,FALSE)),IF(C5="",0,VLOOKUP(C5,Bausteine!$A$2:$AI$33,20,FALSE))*(V5/T5/(IF(C5="",0,VLOOKUP(C5,Bausteine!$A$2:$AI$33,19,FALSE))/IF(C5="",0,VLOOKUP(C5,Bausteine!$A$2:$AI$33,18,FALSE))))^Parameter!$B$3),0)) | X5: =IF(F5="",0,VLOOKUP(F5,Bausteine!$A$2:$AI$33,14,FALSE)) | Y5: =IFERROR(IF(OR(R5<=0,T5<=0,V5<=0,U5>IF(E5="",0,VLOOKUP(E5,Bausteine!$A$2:$AI$33,12,FALSE)),T5>IF(C5="",0,VLOOKUP(C5,Bausteine!$A$2:$AI$33,22,FALSE)),IF(E5="",0,VLOOKUP(E5,Bausteine!$A$2:$AI$33,11,FALSE))<=0,IF(E5="",0,VLOOKUP(E5,Bausteine!$A$2:$AI$33,11,FALSE))>1),"UNGUELTIG","OK"),"FEHLER") | Z5: 800 | AA5: 108 | AB5: AA/ground spin-up and 6-cell sight override recorded, not implemented in calculator.
A6: Gatling Tank PDL | B6: china | C6: gatling-chassis | D6: diesel-large | E6: efficient-generator | F6: heavy | G6: gatling-turret | H6: gatling-gun | I6: gatling-rounds | J6: pdl | M6: =IF(C6="",0,VLOOKUP(C6,Bausteine!$A$2:$AI$33,4,FALSE))+IF(D6="",0,VLOOKUP(D6,Bausteine!$A$2:$AI$33,4,FALSE))+IF(E6="",0,VLOOKUP(E6,Bausteine!$A$2:$AI$33,4,FALSE))+IF(F6="",0,VLOOKUP(F6,Bausteine!$A$2:$AI$33,4,FALSE))+IF(G6="",0,VLOOKUP(G6,Bausteine!$A$2:$AI$33,4,FALSE))+IF(H6="",0,VLOOKUP(H6,Bausteine!$A$2:$AI$33,4,FALSE))+IF(I6="",0,VLOOKUP(I6,Bausteine!$A$2:$AI$33,4,FALSE))+IF(J6="",0,VLOOKUP(J6,Bausteine!$A$2:$AI$33,4,FALSE))+IF(K6="",0,VLOOKUP(K6,Bausteine!$A$2:$AI$33,4,FALSE))+IF(L6="",0,VLOOKUP(L6,Bausteine!$A$2:$AI$33,4,FALSE)) | N6: =IF(C6="",0,VLOOKUP(C6,Bausteine!$A$2:$AI$33,5,FALSE))+IF(D6="",0,VLOOKUP(D6,Bausteine!$A$2:$AI$33,5,FALSE))+IF(E6="",0,VLOOKUP(E6,Bausteine!$A$2:$AI$33,5,FALSE))+IF(F6="",0,VLOOKUP(F6,Bausteine!$A$2:$AI$33,5,FALSE))+IF(G6="",0,VLOOKUP(G6,Bausteine!$A$2:$AI$33,5,FALSE))+IF(H6="",0,VLOOKUP(H6,Bausteine!$A$2:$AI$33,5,FALSE))+IF(I6="",0,VLOOKUP(I6,Bausteine!$A$2:$AI$33,5,FALSE))+IF(J6="",0,VLOOKUP(J6,Bausteine!$A$2:$AI$33,5,FALSE))+IF(K6="",0,VLOOKUP(K6,Bausteine!$A$2:$AI$33,5,FALSE))+IF(L6="",0,VLOOKUP(L6,Bausteine!$A$2:$AI$33,5,FALSE)) | O6: =MAX(IF(C6="",0,VLOOKUP(C6,Bausteine!$A$2:$AI$33,6,FALSE)),IF(D6="",0,VLOOKUP(D6,Bausteine!$A$2:$AI$33,6,FALSE)),IF(E6="",0,VLOOKUP(E6,Bausteine!$A$2:$AI$33,6,FALSE)),IF(F6="",0,VLOOKUP(F6,Bausteine!$A$2:$AI$33,6,FALSE)),IF(G6="",0,VLOOKUP(G6,Bausteine!$A$2:$AI$33,6,FALSE)),IF(H6="",0,VLOOKUP(H6,Bausteine!$A$2:$AI$33,6,FALSE)),IF(I6="",0,VLOOKUP(I6,Bausteine!$A$2:$AI$33,6,FALSE)),IF(J6="",0,VLOOKUP(J6,Bausteine!$A$2:$AI$33,6,FALSE)),IF(K6="",0,VLOOKUP(K6,Bausteine!$A$2:$AI$33,6,FALSE)),IF(L6="",0,VLOOKUP(L6,Bausteine!$A$2:$AI$33,6,FALSE))) | P6: =IF(C6="",0,VLOOKUP(C6,Bausteine!$A$2:$AI$33,7,FALSE))*IF(F6="",0,VLOOKUP(F6,Bausteine!$A$2:$AI$33,17,FALSE))/100+IF(D6="",0,VLOOKUP(D6,Bausteine!$A$2:$AI$33,7,FALSE))+IF(E6="",0,VLOOKUP(E6,Bausteine!$A$2:$AI$33,7,FALSE))+IF(G6="",0,VLOOKUP(G6,Bausteine!$A$2:$AI$33,7,FALSE))+IF(H6="",0,VLOOKUP(H6,Bausteine!$A$2:$AI$33,7,FALSE))+IF(I6="",0,VLOOKUP(I6,Bausteine!$A$2:$AI$33,7,FALSE))+IF(J6="",0,VLOOKUP(J6,Bausteine!$A$2:$AI$33,7,FALSE))+IF(K6="",0,VLOOKUP(K6,Bausteine!$A$2:$AI$33,7,FALSE))+IF(L6="",0,VLOOKUP(L6,Bausteine!$A$2:$AI$33,7,FALSE)) | Q6: =N6*Parameter!$B$2 | R6: =P6-Q6 | S6: =IF(C6="",0,VLOOKUP(C6,Bausteine!$A$2:$AI$33,13,FALSE))*IF(F6="",0,VLOOKUP(F6,Bausteine!$A$2:$AI$33,16,FALSE))/100 | T6: =IF(C6="",0,VLOOKUP(C6,Bausteine!$A$2:$AI$33,8,FALSE))*IF(F6="",0,VLOOKUP(F6,Bausteine!$A$2:$AI$33,15,FALSE))/100+IF(D6="",0,VLOOKUP(D6,Bausteine!$A$2:$AI$33,8,FALSE))+IF(E6="",0,VLOOKUP(E6,Bausteine!$A$2:$AI$33,8,FALSE))+IF(G6="",0,VLOOKUP(G6,Bausteine!$A$2:$AI$33,8,FALSE))+IF(H6="",0,VLOOKUP(H6,Bausteine!$A$2:$AI$33,8,FALSE))+IF(I6="",0,VLOOKUP(I6,Bausteine!$A$2:$AI$33,8,FALSE))+IF(J6="",0,VLOOKUP(J6,Bausteine!$A$2:$AI$33,8,FALSE))+IF(K6="",0,VLOOKUP(K6,Bausteine!$A$2:$AI$33,8,FALSE))+IF(L6="",0,VLOOKUP(L6,Bausteine!$A$2:$AI$33,8,FALSE)) | U6: =IF(C6="",0,VLOOKUP(C6,Bausteine!$A$2:$AI$33,9,FALSE))+IF(D6="",0,VLOOKUP(D6,Bausteine!$A$2:$AI$33,9,FALSE))+IF(E6="",0,VLOOKUP(E6,Bausteine!$A$2:$AI$33,9,FALSE))+IF(F6="",0,VLOOKUP(F6,Bausteine!$A$2:$AI$33,9,FALSE))+IF(G6="",0,VLOOKUP(G6,Bausteine!$A$2:$AI$33,9,FALSE))+IF(H6="",0,VLOOKUP(H6,Bausteine!$A$2:$AI$33,9,FALSE))+IF(I6="",0,VLOOKUP(I6,Bausteine!$A$2:$AI$33,9,FALSE))+IF(J6="",0,VLOOKUP(J6,Bausteine!$A$2:$AI$33,9,FALSE))+IF(K6="",0,VLOOKUP(K6,Bausteine!$A$2:$AI$33,9,FALSE))+IF(L6="",0,VLOOKUP(L6,Bausteine!$A$2:$AI$33,9,FALSE)) | V6: =IF(D6="",0,VLOOKUP(D6,Bausteine!$A$2:$AI$33,10,FALSE))-U6/IF(E6="",0,VLOOKUP(E6,Bausteine!$A$2:$AI$33,11,FALSE)) | W6: =IF(Y6<>"OK","",ROUND(MIN(IF(C6="",0,VLOOKUP(C6,Bausteine!$A$2:$AI$33,21,FALSE)),IF(C6="",0,VLOOKUP(C6,Bausteine!$A$2:$AI$33,20,FALSE))*(V6/T6/(IF(C6="",0,VLOOKUP(C6,Bausteine!$A$2:$AI$33,19,FALSE))/IF(C6="",0,VLOOKUP(C6,Bausteine!$A$2:$AI$33,18,FALSE))))^Parameter!$B$3),0)) | X6: =IF(F6="",0,VLOOKUP(F6,Bausteine!$A$2:$AI$33,14,FALSE)) | Y6: =IFERROR(IF(OR(R6<=0,T6<=0,V6<=0,U6>IF(E6="",0,VLOOKUP(E6,Bausteine!$A$2:$AI$33,12,FALSE)),T6>IF(C6="",0,VLOOKUP(C6,Bausteine!$A$2:$AI$33,22,FALSE)),IF(E6="",0,VLOOKUP(E6,Bausteine!$A$2:$AI$33,11,FALSE))<=0,IF(E6="",0,VLOOKUP(E6,Bausteine!$A$2:$AI$33,11,FALSE))>1),"UNGUELTIG","OK"),"FEHLER") | Z6: 1450 | AA6: 108 | AB6: Legacy promotion restricted to Tank General; catalog uses China base faction as agreed.
A7: Gatling Tank Reflector | B7: china | C7: gatling-chassis | D7: diesel-large | E7: efficient-generator | F7: reflector | G7: gatling-turret | H7: gatling-gun | I7: gatling-rounds | M7: =IF(C7="",0,VLOOKUP(C7,Bausteine!$A$2:$AI$33,4,FALSE))+IF(D7="",0,VLOOKUP(D7,Bausteine!$A$2:$AI$33,4,FALSE))+IF(E7="",0,VLOOKUP(E7,Bausteine!$A$2:$AI$33,4,FALSE))+IF(F7="",0,VLOOKUP(F7,Bausteine!$A$2:$AI$33,4,FALSE))+IF(G7="",0,VLOOKUP(G7,Bausteine!$A$2:$AI$33,4,FALSE))+IF(H7="",0,VLOOKUP(H7,Bausteine!$A$2:$AI$33,4,FALSE))+IF(I7="",0,VLOOKUP(I7,Bausteine!$A$2:$AI$33,4,FALSE))+IF(J7="",0,VLOOKUP(J7,Bausteine!$A$2:$AI$33,4,FALSE))+IF(K7="",0,VLOOKUP(K7,Bausteine!$A$2:$AI$33,4,FALSE))+IF(L7="",0,VLOOKUP(L7,Bausteine!$A$2:$AI$33,4,FALSE)) | N7: =IF(C7="",0,VLOOKUP(C7,Bausteine!$A$2:$AI$33,5,FALSE))+IF(D7="",0,VLOOKUP(D7,Bausteine!$A$2:$AI$33,5,FALSE))+IF(E7="",0,VLOOKUP(E7,Bausteine!$A$2:$AI$33,5,FALSE))+IF(F7="",0,VLOOKUP(F7,Bausteine!$A$2:$AI$33,5,FALSE))+IF(G7="",0,VLOOKUP(G7,Bausteine!$A$2:$AI$33,5,FALSE))+IF(H7="",0,VLOOKUP(H7,Bausteine!$A$2:$AI$33,5,FALSE))+IF(I7="",0,VLOOKUP(I7,Bausteine!$A$2:$AI$33,5,FALSE))+IF(J7="",0,VLOOKUP(J7,Bausteine!$A$2:$AI$33,5,FALSE))+IF(K7="",0,VLOOKUP(K7,Bausteine!$A$2:$AI$33,5,FALSE))+IF(L7="",0,VLOOKUP(L7,Bausteine!$A$2:$AI$33,5,FALSE)) | O7: =MAX(IF(C7="",0,VLOOKUP(C7,Bausteine!$A$2:$AI$33,6,FALSE)),IF(D7="",0,VLOOKUP(D7,Bausteine!$A$2:$AI$33,6,FALSE)),IF(E7="",0,VLOOKUP(E7,Bausteine!$A$2:$AI$33,6,FALSE)),IF(F7="",0,VLOOKUP(F7,Bausteine!$A$2:$AI$33,6,FALSE)),IF(G7="",0,VLOOKUP(G7,Bausteine!$A$2:$AI$33,6,FALSE)),IF(H7="",0,VLOOKUP(H7,Bausteine!$A$2:$AI$33,6,FALSE)),IF(I7="",0,VLOOKUP(I7,Bausteine!$A$2:$AI$33,6,FALSE)),IF(J7="",0,VLOOKUP(J7,Bausteine!$A$2:$AI$33,6,FALSE)),IF(K7="",0,VLOOKUP(K7,Bausteine!$A$2:$AI$33,6,FALSE)),IF(L7="",0,VLOOKUP(L7,Bausteine!$A$2:$AI$33,6,FALSE))) | P7: =IF(C7="",0,VLOOKUP(C7,Bausteine!$A$2:$AI$33,7,FALSE))*IF(F7="",0,VLOOKUP(F7,Bausteine!$A$2:$AI$33,17,FALSE))/100+IF(D7="",0,VLOOKUP(D7,Bausteine!$A$2:$AI$33,7,FALSE))+IF(E7="",0,VLOOKUP(E7,Bausteine!$A$2:$AI$33,7,FALSE))+IF(G7="",0,VLOOKUP(G7,Bausteine!$A$2:$AI$33,7,FALSE))+IF(H7="",0,VLOOKUP(H7,Bausteine!$A$2:$AI$33,7,FALSE))+IF(I7="",0,VLOOKUP(I7,Bausteine!$A$2:$AI$33,7,FALSE))+IF(J7="",0,VLOOKUP(J7,Bausteine!$A$2:$AI$33,7,FALSE))+IF(K7="",0,VLOOKUP(K7,Bausteine!$A$2:$AI$33,7,FALSE))+IF(L7="",0,VLOOKUP(L7,Bausteine!$A$2:$AI$33,7,FALSE)) | Q7: =N7*Parameter!$B$2 | R7: =P7-Q7 | S7: =IF(C7="",0,VLOOKUP(C7,Bausteine!$A$2:$AI$33,13,FALSE))*IF(F7="",0,VLOOKUP(F7,Bausteine!$A$2:$AI$33,16,FALSE))/100 | T7: =IF(C7="",0,VLOOKUP(C7,Bausteine!$A$2:$AI$33,8,FALSE))*IF(F7="",0,VLOOKUP(F7,Bausteine!$A$2:$AI$33,15,FALSE))/100+IF(D7="",0,VLOOKUP(D7,Bausteine!$A$2:$AI$33,8,FALSE))+IF(E7="",0,VLOOKUP(E7,Bausteine!$A$2:$AI$33,8,FALSE))+IF(G7="",0,VLOOKUP(G7,Bausteine!$A$2:$AI$33,8,FALSE))+IF(H7="",0,VLOOKUP(H7,Bausteine!$A$2:$AI$33,8,FALSE))+IF(I7="",0,VLOOKUP(I7,Bausteine!$A$2:$AI$33,8,FALSE))+IF(J7="",0,VLOOKUP(J7,Bausteine!$A$2:$AI$33,8,FALSE))+IF(K7="",0,VLOOKUP(K7,Bausteine!$A$2:$AI$33,8,FALSE))+IF(L7="",0,VLOOKUP(L7,Bausteine!$A$2:$AI$33,8,FALSE)) | U7: =IF(C7="",0,VLOOKUP(C7,Bausteine!$A$2:$AI$33,9,FALSE))+IF(D7="",0,VLOOKUP(D7,Bausteine!$A$2:$AI$33,9,FALSE))+IF(E7="",0,VLOOKUP(E7,Bausteine!$A$2:$AI$33,9,FALSE))+IF(F7="",0,VLOOKUP(F7,Bausteine!$A$2:$AI$33,9,FALSE))+IF(G7="",0,VLOOKUP(G7,Bausteine!$A$2:$AI$33,9,FALSE))+IF(H7="",0,VLOOKUP(H7,Bausteine!$A$2:$AI$33,9,FALSE))+IF(I7="",0,VLOOKUP(I7,Bausteine!$A$2:$AI$33,9,FALSE))+IF(J7="",0,VLOOKUP(J7,Bausteine!$A$2:$AI$33,9,FALSE))+IF(K7="",0,VLOOKUP(K7,Bausteine!$A$2:$AI$33,9,FALSE))+IF(L7="",0,VLOOKUP(L7,Bausteine!$A$2:$AI$33,9,FALSE)) | V7: =IF(D7="",0,VLOOKUP(D7,Bausteine!$A$2:$AI$33,10,FALSE))-U7/IF(E7="",0,VLOOKUP(E7,Bausteine!$A$2:$AI$33,11,FALSE)) | W7: =IF(Y7<>"OK","",ROUND(MIN(IF(C7="",0,VLOOKUP(C7,Bausteine!$A$2:$AI$33,21,FALSE)),IF(C7="",0,VLOOKUP(C7,Bausteine!$A$2:$AI$33,20,FALSE))*(V7/T7/(IF(C7="",0,VLOOKUP(C7,Bausteine!$A$2:$AI$33,19,FALSE))/IF(C7="",0,VLOOKUP(C7,Bausteine!$A$2:$AI$33,18,FALSE))))^Parameter!$B$3),0)) | X7: =IF(F7="",0,VLOOKUP(F7,Bausteine!$A$2:$AI$33,14,FALSE)) | Y7: =IFERROR(IF(OR(R7<=0,T7<=0,V7<=0,U7>IF(E7="",0,VLOOKUP(E7,Bausteine!$A$2:$AI$33,12,FALSE)),T7>IF(C7="",0,VLOOKUP(C7,Bausteine!$A$2:$AI$33,22,FALSE)),IF(E7="",0,VLOOKUP(E7,Bausteine!$A$2:$AI$33,11,FALSE))<=0,IF(E7="",0,VLOOKUP(E7,Bausteine!$A$2:$AI$33,11,FALSE))>1),"UNGUELTIG","OK"),"FEHLER") | Z7: 800 | AA7: 108 | AB7: Legacy promotion restricted to Tank General; catalog uses China base faction as agreed.
A8: Battlemaster Nuclear Shells | B8: china | C8: battlemaster | D8: diesel | E8: baseline-generator | F8: heavy | G8: cannon-turret | H8: cannon | I8: nuclear-shell | M8: =IF(C8="",0,VLOOKUP(C8,Bausteine!$A$2:$AI$33,4,FALSE))+IF(D8="",0,VLOOKUP(D8,Bausteine!$A$2:$AI$33,4,FALSE))+IF(E8="",0,VLOOKUP(E8,Bausteine!$A$2:$AI$33,4,FALSE))+IF(F8="",0,VLOOKUP(F8,Bausteine!$A$2:$AI$33,4,FALSE))+IF(G8="",0,VLOOKUP(G8,Bausteine!$A$2:$AI$33,4,FALSE))+IF(H8="",0,VLOOKUP(H8,Bausteine!$A$2:$AI$33,4,FALSE))+IF(I8="",0,VLOOKUP(I8,Bausteine!$A$2:$AI$33,4,FALSE))+IF(J8="",0,VLOOKUP(J8,Bausteine!$A$2:$AI$33,4,FALSE))+IF(K8="",0,VLOOKUP(K8,Bausteine!$A$2:$AI$33,4,FALSE))+IF(L8="",0,VLOOKUP(L8,Bausteine!$A$2:$AI$33,4,FALSE)) | N8: =IF(C8="",0,VLOOKUP(C8,Bausteine!$A$2:$AI$33,5,FALSE))+IF(D8="",0,VLOOKUP(D8,Bausteine!$A$2:$AI$33,5,FALSE))+IF(E8="",0,VLOOKUP(E8,Bausteine!$A$2:$AI$33,5,FALSE))+IF(F8="",0,VLOOKUP(F8,Bausteine!$A$2:$AI$33,5,FALSE))+IF(G8="",0,VLOOKUP(G8,Bausteine!$A$2:$AI$33,5,FALSE))+IF(H8="",0,VLOOKUP(H8,Bausteine!$A$2:$AI$33,5,FALSE))+IF(I8="",0,VLOOKUP(I8,Bausteine!$A$2:$AI$33,5,FALSE))+IF(J8="",0,VLOOKUP(J8,Bausteine!$A$2:$AI$33,5,FALSE))+IF(K8="",0,VLOOKUP(K8,Bausteine!$A$2:$AI$33,5,FALSE))+IF(L8="",0,VLOOKUP(L8,Bausteine!$A$2:$AI$33,5,FALSE)) | O8: =MAX(IF(C8="",0,VLOOKUP(C8,Bausteine!$A$2:$AI$33,6,FALSE)),IF(D8="",0,VLOOKUP(D8,Bausteine!$A$2:$AI$33,6,FALSE)),IF(E8="",0,VLOOKUP(E8,Bausteine!$A$2:$AI$33,6,FALSE)),IF(F8="",0,VLOOKUP(F8,Bausteine!$A$2:$AI$33,6,FALSE)),IF(G8="",0,VLOOKUP(G8,Bausteine!$A$2:$AI$33,6,FALSE)),IF(H8="",0,VLOOKUP(H8,Bausteine!$A$2:$AI$33,6,FALSE)),IF(I8="",0,VLOOKUP(I8,Bausteine!$A$2:$AI$33,6,FALSE)),IF(J8="",0,VLOOKUP(J8,Bausteine!$A$2:$AI$33,6,FALSE)),IF(K8="",0,VLOOKUP(K8,Bausteine!$A$2:$AI$33,6,FALSE)),IF(L8="",0,VLOOKUP(L8,Bausteine!$A$2:$AI$33,6,FALSE))) | P8: =IF(C8="",0,VLOOKUP(C8,Bausteine!$A$2:$AI$33,7,FALSE))*IF(F8="",0,VLOOKUP(F8,Bausteine!$A$2:$AI$33,17,FALSE))/100+IF(D8="",0,VLOOKUP(D8,Bausteine!$A$2:$AI$33,7,FALSE))+IF(E8="",0,VLOOKUP(E8,Bausteine!$A$2:$AI$33,7,FALSE))+IF(G8="",0,VLOOKUP(G8,Bausteine!$A$2:$AI$33,7,FALSE))+IF(H8="",0,VLOOKUP(H8,Bausteine!$A$2:$AI$33,7,FALSE))+IF(I8="",0,VLOOKUP(I8,Bausteine!$A$2:$AI$33,7,FALSE))+IF(J8="",0,VLOOKUP(J8,Bausteine!$A$2:$AI$33,7,FALSE))+IF(K8="",0,VLOOKUP(K8,Bausteine!$A$2:$AI$33,7,FALSE))+IF(L8="",0,VLOOKUP(L8,Bausteine!$A$2:$AI$33,7,FALSE)) | Q8: =N8*Parameter!$B$2 | R8: =P8-Q8 | S8: =IF(C8="",0,VLOOKUP(C8,Bausteine!$A$2:$AI$33,13,FALSE))*IF(F8="",0,VLOOKUP(F8,Bausteine!$A$2:$AI$33,16,FALSE))/100 | T8: =IF(C8="",0,VLOOKUP(C8,Bausteine!$A$2:$AI$33,8,FALSE))*IF(F8="",0,VLOOKUP(F8,Bausteine!$A$2:$AI$33,15,FALSE))/100+IF(D8="",0,VLOOKUP(D8,Bausteine!$A$2:$AI$33,8,FALSE))+IF(E8="",0,VLOOKUP(E8,Bausteine!$A$2:$AI$33,8,FALSE))+IF(G8="",0,VLOOKUP(G8,Bausteine!$A$2:$AI$33,8,FALSE))+IF(H8="",0,VLOOKUP(H8,Bausteine!$A$2:$AI$33,8,FALSE))+IF(I8="",0,VLOOKUP(I8,Bausteine!$A$2:$AI$33,8,FALSE))+IF(J8="",0,VLOOKUP(J8,Bausteine!$A$2:$AI$33,8,FALSE))+IF(K8="",0,VLOOKUP(K8,Bausteine!$A$2:$AI$33,8,FALSE))+IF(L8="",0,VLOOKUP(L8,Bausteine!$A$2:$AI$33,8,FALSE)) | U8: =IF(C8="",0,VLOOKUP(C8,Bausteine!$A$2:$AI$33,9,FALSE))+IF(D8="",0,VLOOKUP(D8,Bausteine!$A$2:$AI$33,9,FALSE))+IF(E8="",0,VLOOKUP(E8,Bausteine!$A$2:$AI$33,9,FALSE))+IF(F8="",0,VLOOKUP(F8,Bausteine!$A$2:$AI$33,9,FALSE))+IF(G8="",0,VLOOKUP(G8,Bausteine!$A$2:$AI$33,9,FALSE))+IF(H8="",0,VLOOKUP(H8,Bausteine!$A$2:$AI$33,9,FALSE))+IF(I8="",0,VLOOKUP(I8,Bausteine!$A$2:$AI$33,9,FALSE))+IF(J8="",0,VLOOKUP(J8,Bausteine!$A$2:$AI$33,9,FALSE))+IF(K8="",0,VLOOKUP(K8,Bausteine!$A$2:$AI$33,9,FALSE))+IF(L8="",0,VLOOKUP(L8,Bausteine!$A$2:$AI$33,9,FALSE)) | V8: =IF(D8="",0,VLOOKUP(D8,Bausteine!$A$2:$AI$33,10,FALSE))-U8/IF(E8="",0,VLOOKUP(E8,Bausteine!$A$2:$AI$33,11,FALSE)) | W8: =IF(Y8<>"OK","",ROUND(MIN(IF(C8="",0,VLOOKUP(C8,Bausteine!$A$2:$AI$33,21,FALSE)),IF(C8="",0,VLOOKUP(C8,Bausteine!$A$2:$AI$33,20,FALSE))*(V8/T8/(IF(C8="",0,VLOOKUP(C8,Bausteine!$A$2:$AI$33,19,FALSE))/IF(C8="",0,VLOOKUP(C8,Bausteine!$A$2:$AI$33,18,FALSE))))^Parameter!$B$3),0)) | X8: =IF(F8="",0,VLOOKUP(F8,Bausteine!$A$2:$AI$33,14,FALSE)) | Y8: =IFERROR(IF(OR(R8<=0,T8<=0,V8<=0,U8>IF(E8="",0,VLOOKUP(E8,Bausteine!$A$2:$AI$33,12,FALSE)),T8>IF(C8="",0,VLOOKUP(C8,Bausteine!$A$2:$AI$33,22,FALSE)),IF(E8="",0,VLOOKUP(E8,Bausteine!$A$2:$AI$33,11,FALSE))<=0,IF(E8="",0,VLOOKUP(E8,Bausteine!$A$2:$AI$33,11,FALSE))>1),"UNGUELTIG","OK"),"FEHLER") | Z8: 950 | AA8: 100
A9: Battlemaster Nuclear Shells PDL | B9: china | C9: battlemaster | D9: diesel-large | E9: efficient-generator | F9: heavy | G9: cannon-turret | H9: cannon | I9: nuclear-shell | J9: pdl | M9: =IF(C9="",0,VLOOKUP(C9,Bausteine!$A$2:$AI$33,4,FALSE))+IF(D9="",0,VLOOKUP(D9,Bausteine!$A$2:$AI$33,4,FALSE))+IF(E9="",0,VLOOKUP(E9,Bausteine!$A$2:$AI$33,4,FALSE))+IF(F9="",0,VLOOKUP(F9,Bausteine!$A$2:$AI$33,4,FALSE))+IF(G9="",0,VLOOKUP(G9,Bausteine!$A$2:$AI$33,4,FALSE))+IF(H9="",0,VLOOKUP(H9,Bausteine!$A$2:$AI$33,4,FALSE))+IF(I9="",0,VLOOKUP(I9,Bausteine!$A$2:$AI$33,4,FALSE))+IF(J9="",0,VLOOKUP(J9,Bausteine!$A$2:$AI$33,4,FALSE))+IF(K9="",0,VLOOKUP(K9,Bausteine!$A$2:$AI$33,4,FALSE))+IF(L9="",0,VLOOKUP(L9,Bausteine!$A$2:$AI$33,4,FALSE)) | N9: =IF(C9="",0,VLOOKUP(C9,Bausteine!$A$2:$AI$33,5,FALSE))+IF(D9="",0,VLOOKUP(D9,Bausteine!$A$2:$AI$33,5,FALSE))+IF(E9="",0,VLOOKUP(E9,Bausteine!$A$2:$AI$33,5,FALSE))+IF(F9="",0,VLOOKUP(F9,Bausteine!$A$2:$AI$33,5,FALSE))+IF(G9="",0,VLOOKUP(G9,Bausteine!$A$2:$AI$33,5,FALSE))+IF(H9="",0,VLOOKUP(H9,Bausteine!$A$2:$AI$33,5,FALSE))+IF(I9="",0,VLOOKUP(I9,Bausteine!$A$2:$AI$33,5,FALSE))+IF(J9="",0,VLOOKUP(J9,Bausteine!$A$2:$AI$33,5,FALSE))+IF(K9="",0,VLOOKUP(K9,Bausteine!$A$2:$AI$33,5,FALSE))+IF(L9="",0,VLOOKUP(L9,Bausteine!$A$2:$AI$33,5,FALSE)) | O9: =MAX(IF(C9="",0,VLOOKUP(C9,Bausteine!$A$2:$AI$33,6,FALSE)),IF(D9="",0,VLOOKUP(D9,Bausteine!$A$2:$AI$33,6,FALSE)),IF(E9="",0,VLOOKUP(E9,Bausteine!$A$2:$AI$33,6,FALSE)),IF(F9="",0,VLOOKUP(F9,Bausteine!$A$2:$AI$33,6,FALSE)),IF(G9="",0,VLOOKUP(G9,Bausteine!$A$2:$AI$33,6,FALSE)),IF(H9="",0,VLOOKUP(H9,Bausteine!$A$2:$AI$33,6,FALSE)),IF(I9="",0,VLOOKUP(I9,Bausteine!$A$2:$AI$33,6,FALSE)),IF(J9="",0,VLOOKUP(J9,Bausteine!$A$2:$AI$33,6,FALSE)),IF(K9="",0,VLOOKUP(K9,Bausteine!$A$2:$AI$33,6,FALSE)),IF(L9="",0,VLOOKUP(L9,Bausteine!$A$2:$AI$33,6,FALSE))) | P9: =IF(C9="",0,VLOOKUP(C9,Bausteine!$A$2:$AI$33,7,FALSE))*IF(F9="",0,VLOOKUP(F9,Bausteine!$A$2:$AI$33,17,FALSE))/100+IF(D9="",0,VLOOKUP(D9,Bausteine!$A$2:$AI$33,7,FALSE))+IF(E9="",0,VLOOKUP(E9,Bausteine!$A$2:$AI$33,7,FALSE))+IF(G9="",0,VLOOKUP(G9,Bausteine!$A$2:$AI$33,7,FALSE))+IF(H9="",0,VLOOKUP(H9,Bausteine!$A$2:$AI$33,7,FALSE))+IF(I9="",0,VLOOKUP(I9,Bausteine!$A$2:$AI$33,7,FALSE))+IF(J9="",0,VLOOKUP(J9,Bausteine!$A$2:$AI$33,7,FALSE))+IF(K9="",0,VLOOKUP(K9,Bausteine!$A$2:$AI$33,7,FALSE))+IF(L9="",0,VLOOKUP(L9,Bausteine!$A$2:$AI$33,7,FALSE)) | Q9: =N9*Parameter!$B$2 | R9: =P9-Q9 | S9: =IF(C9="",0,VLOOKUP(C9,Bausteine!$A$2:$AI$33,13,FALSE))*IF(F9="",0,VLOOKUP(F9,Bausteine!$A$2:$AI$33,16,FALSE))/100 | T9: =IF(C9="",0,VLOOKUP(C9,Bausteine!$A$2:$AI$33,8,FALSE))*IF(F9="",0,VLOOKUP(F9,Bausteine!$A$2:$AI$33,15,FALSE))/100+IF(D9="",0,VLOOKUP(D9,Bausteine!$A$2:$AI$33,8,FALSE))+IF(E9="",0,VLOOKUP(E9,Bausteine!$A$2:$AI$33,8,FALSE))+IF(G9="",0,VLOOKUP(G9,Bausteine!$A$2:$AI$33,8,FALSE))+IF(H9="",0,VLOOKUP(H9,Bausteine!$A$2:$AI$33,8,FALSE))+IF(I9="",0,VLOOKUP(I9,Bausteine!$A$2:$AI$33,8,FALSE))+IF(J9="",0,VLOOKUP(J9,Bausteine!$A$2:$AI$33,8,FALSE))+IF(K9="",0,VLOOKUP(K9,Bausteine!$A$2:$AI$33,8,FALSE))+IF(L9="",0,VLOOKUP(L9,Bausteine!$A$2:$AI$33,8,FALSE)) | U9: =IF(C9="",0,VLOOKUP(C9,Bausteine!$A$2:$AI$33,9,FALSE))+IF(D9="",0,VLOOKUP(D9,Bausteine!$A$2:$AI$33,9,FALSE))+IF(E9="",0,VLOOKUP(E9,Bausteine!$A$2:$AI$33,9,FALSE))+IF(F9="",0,VLOOKUP(F9,Bausteine!$A$2:$AI$33,9,FALSE))+IF(G9="",0,VLOOKUP(G9,Bausteine!$A$2:$AI$33,9,FALSE))+IF(H9="",0,VLOOKUP(H9,Bausteine!$A$2:$AI$33,9,FALSE))+IF(I9="",0,VLOOKUP(I9,Bausteine!$A$2:$AI$33,9,FALSE))+IF(J9="",0,VLOOKUP(J9,Bausteine!$A$2:$AI$33,9,FALSE))+IF(K9="",0,VLOOKUP(K9,Bausteine!$A$2:$AI$33,9,FALSE))+IF(L9="",0,VLOOKUP(L9,Bausteine!$A$2:$AI$33,9,FALSE)) | V9: =IF(D9="",0,VLOOKUP(D9,Bausteine!$A$2:$AI$33,10,FALSE))-U9/IF(E9="",0,VLOOKUP(E9,Bausteine!$A$2:$AI$33,11,FALSE)) | W9: =IF(Y9<>"OK","",ROUND(MIN(IF(C9="",0,VLOOKUP(C9,Bausteine!$A$2:$AI$33,21,FALSE)),IF(C9="",0,VLOOKUP(C9,Bausteine!$A$2:$AI$33,20,FALSE))*(V9/T9/(IF(C9="",0,VLOOKUP(C9,Bausteine!$A$2:$AI$33,19,FALSE))/IF(C9="",0,VLOOKUP(C9,Bausteine!$A$2:$AI$33,18,FALSE))))^Parameter!$B$3),0)) | X9: =IF(F9="",0,VLOOKUP(F9,Bausteine!$A$2:$AI$33,14,FALSE)) | Y9: =IFERROR(IF(OR(R9<=0,T9<=0,V9<=0,U9>IF(E9="",0,VLOOKUP(E9,Bausteine!$A$2:$AI$33,12,FALSE)),T9>IF(C9="",0,VLOOKUP(C9,Bausteine!$A$2:$AI$33,22,FALSE)),IF(E9="",0,VLOOKUP(E9,Bausteine!$A$2:$AI$33,11,FALSE))<=0,IF(E9="",0,VLOOKUP(E9,Bausteine!$A$2:$AI$33,11,FALSE))>1),"UNGUELTIG","OK"),"FEHLER") | Z9: 1600 | AA9: 100
A10: Battlemaster Nuclear Shells Reflector | B10: china | C10: battlemaster | D10: diesel-large | E10: efficient-generator | F10: reflector | G10: cannon-turret | H10: cannon | I10: nuclear-shell | M10: =IF(C10="",0,VLOOKUP(C10,Bausteine!$A$2:$AI$33,4,FALSE))+IF(D10="",0,VLOOKUP(D10,Bausteine!$A$2:$AI$33,4,FALSE))+IF(E10="",0,VLOOKUP(E10,Bausteine!$A$2:$AI$33,4,FALSE))+IF(F10="",0,VLOOKUP(F10,Bausteine!$A$2:$AI$33,4,FALSE))+IF(G10="",0,VLOOKUP(G10,Bausteine!$A$2:$AI$33,4,FALSE))+IF(H10="",0,VLOOKUP(H10,Bausteine!$A$2:$AI$33,4,FALSE))+IF(I10="",0,VLOOKUP(I10,Bausteine!$A$2:$AI$33,4,FALSE))+IF(J10="",0,VLOOKUP(J10,Bausteine!$A$2:$AI$33,4,FALSE))+IF(K10="",0,VLOOKUP(K10,Bausteine!$A$2:$AI$33,4,FALSE))+IF(L10="",0,VLOOKUP(L10,Bausteine!$A$2:$AI$33,4,FALSE)) | N10: =IF(C10="",0,VLOOKUP(C10,Bausteine!$A$2:$AI$33,5,FALSE))+IF(D10="",0,VLOOKUP(D10,Bausteine!$A$2:$AI$33,5,FALSE))+IF(E10="",0,VLOOKUP(E10,Bausteine!$A$2:$AI$33,5,FALSE))+IF(F10="",0,VLOOKUP(F10,Bausteine!$A$2:$AI$33,5,FALSE))+IF(G10="",0,VLOOKUP(G10,Bausteine!$A$2:$AI$33,5,FALSE))+IF(H10="",0,VLOOKUP(H10,Bausteine!$A$2:$AI$33,5,FALSE))+IF(I10="",0,VLOOKUP(I10,Bausteine!$A$2:$AI$33,5,FALSE))+IF(J10="",0,VLOOKUP(J10,Bausteine!$A$2:$AI$33,5,FALSE))+IF(K10="",0,VLOOKUP(K10,Bausteine!$A$2:$AI$33,5,FALSE))+IF(L10="",0,VLOOKUP(L10,Bausteine!$A$2:$AI$33,5,FALSE)) | O10: =MAX(IF(C10="",0,VLOOKUP(C10,Bausteine!$A$2:$AI$33,6,FALSE)),IF(D10="",0,VLOOKUP(D10,Bausteine!$A$2:$AI$33,6,FALSE)),IF(E10="",0,VLOOKUP(E10,Bausteine!$A$2:$AI$33,6,FALSE)),IF(F10="",0,VLOOKUP(F10,Bausteine!$A$2:$AI$33,6,FALSE)),IF(G10="",0,VLOOKUP(G10,Bausteine!$A$2:$AI$33,6,FALSE)),IF(H10="",0,VLOOKUP(H10,Bausteine!$A$2:$AI$33,6,FALSE)),IF(I10="",0,VLOOKUP(I10,Bausteine!$A$2:$AI$33,6,FALSE)),IF(J10="",0,VLOOKUP(J10,Bausteine!$A$2:$AI$33,6,FALSE)),IF(K10="",0,VLOOKUP(K10,Bausteine!$A$2:$AI$33,6,FALSE)),IF(L10="",0,VLOOKUP(L10,Bausteine!$A$2:$AI$33,6,FALSE))) | P10: =IF(C10="",0,VLOOKUP(C10,Bausteine!$A$2:$AI$33,7,FALSE))*IF(F10="",0,VLOOKUP(F10,Bausteine!$A$2:$AI$33,17,FALSE))/100+IF(D10="",0,VLOOKUP(D10,Bausteine!$A$2:$AI$33,7,FALSE))+IF(E10="",0,VLOOKUP(E10,Bausteine!$A$2:$AI$33,7,FALSE))+IF(G10="",0,VLOOKUP(G10,Bausteine!$A$2:$AI$33,7,FALSE))+IF(H10="",0,VLOOKUP(H10,Bausteine!$A$2:$AI$33,7,FALSE))+IF(I10="",0,VLOOKUP(I10,Bausteine!$A$2:$AI$33,7,FALSE))+IF(J10="",0,VLOOKUP(J10,Bausteine!$A$2:$AI$33,7,FALSE))+IF(K10="",0,VLOOKUP(K10,Bausteine!$A$2:$AI$33,7,FALSE))+IF(L10="",0,VLOOKUP(L10,Bausteine!$A$2:$AI$33,7,FALSE)) | Q10: =N10*Parameter!$B$2 | R10: =P10-Q10 | S10: =IF(C10="",0,VLOOKUP(C10,Bausteine!$A$2:$AI$33,13,FALSE))*IF(F10="",0,VLOOKUP(F10,Bausteine!$A$2:$AI$33,16,FALSE))/100 | T10: =IF(C10="",0,VLOOKUP(C10,Bausteine!$A$2:$AI$33,8,FALSE))*IF(F10="",0,VLOOKUP(F10,Bausteine!$A$2:$AI$33,15,FALSE))/100+IF(D10="",0,VLOOKUP(D10,Bausteine!$A$2:$AI$33,8,FALSE))+IF(E10="",0,VLOOKUP(E10,Bausteine!$A$2:$AI$33,8,FALSE))+IF(G10="",0,VLOOKUP(G10,Bausteine!$A$2:$AI$33,8,FALSE))+IF(H10="",0,VLOOKUP(H10,Bausteine!$A$2:$AI$33,8,FALSE))+IF(I10="",0,VLOOKUP(I10,Bausteine!$A$2:$AI$33,8,FALSE))+IF(J10="",0,VLOOKUP(J10,Bausteine!$A$2:$AI$33,8,FALSE))+IF(K10="",0,VLOOKUP(K10,Bausteine!$A$2:$AI$33,8,FALSE))+IF(L10="",0,VLOOKUP(L10,Bausteine!$A$2:$AI$33,8,FALSE)) | U10: =IF(C10="",0,VLOOKUP(C10,Bausteine!$A$2:$AI$33,9,FALSE))+IF(D10="",0,VLOOKUP(D10,Bausteine!$A$2:$AI$33,9,FALSE))+IF(E10="",0,VLOOKUP(E10,Bausteine!$A$2:$AI$33,9,FALSE))+IF(F10="",0,VLOOKUP(F10,Bausteine!$A$2:$AI$33,9,FALSE))+IF(G10="",0,VLOOKUP(G10,Bausteine!$A$2:$AI$33,9,FALSE))+IF(H10="",0,VLOOKUP(H10,Bausteine!$A$2:$AI$33,9,FALSE))+IF(I10="",0,VLOOKUP(I10,Bausteine!$A$2:$AI$33,9,FALSE))+IF(J10="",0,VLOOKUP(J10,Bausteine!$A$2:$AI$33,9,FALSE))+IF(K10="",0,VLOOKUP(K10,Bausteine!$A$2:$AI$33,9,FALSE))+IF(L10="",0,VLOOKUP(L10,Bausteine!$A$2:$AI$33,9,FALSE)) | V10: =IF(D10="",0,VLOOKUP(D10,Bausteine!$A$2:$AI$33,10,FALSE))-U10/IF(E10="",0,VLOOKUP(E10,Bausteine!$A$2:$AI$33,11,FALSE)) | W10: =IF(Y10<>"OK","",ROUND(MIN(IF(C10="",0,VLOOKUP(C10,Bausteine!$A$2:$AI$33,21,FALSE)),IF(C10="",0,VLOOKUP(C10,Bausteine!$A$2:$AI$33,20,FALSE))*(V10/T10/(IF(C10="",0,VLOOKUP(C10,Bausteine!$A$2:$AI$33,19,FALSE))/IF(C10="",0,VLOOKUP(C10,Bausteine!$A$2:$AI$33,18,FALSE))))^Parameter!$B$3),0)) | X10: =IF(F10="",0,VLOOKUP(F10,Bausteine!$A$2:$AI$33,14,FALSE)) | Y10: =IFERROR(IF(OR(R10<=0,T10<=0,V10<=0,U10>IF(E10="",0,VLOOKUP(E10,Bausteine!$A$2:$AI$33,12,FALSE)),T10>IF(C10="",0,VLOOKUP(C10,Bausteine!$A$2:$AI$33,22,FALSE)),IF(E10="",0,VLOOKUP(E10,Bausteine!$A$2:$AI$33,11,FALSE))<=0,IF(E10="",0,VLOOKUP(E10,Bausteine!$A$2:$AI$33,11,FALSE))>1),"UNGUELTIG","OK"),"FEHLER") | Z10: 950 | AA10: 100
A11: Battlemaster Mass Production | B11: china | C11: battlemaster-mass-produced | D11: diesel | E11: baseline-generator | F11: heavy | G11: cannon-turret | H11: cannon | I11: shell | M11: =IF(C11="",0,VLOOKUP(C11,Bausteine!$A$2:$AI$33,4,FALSE))+IF(D11="",0,VLOOKUP(D11,Bausteine!$A$2:$AI$33,4,FALSE))+IF(E11="",0,VLOOKUP(E11,Bausteine!$A$2:$AI$33,4,FALSE))+IF(F11="",0,VLOOKUP(F11,Bausteine!$A$2:$AI$33,4,FALSE))+IF(G11="",0,VLOOKUP(G11,Bausteine!$A$2:$AI$33,4,FALSE))+IF(H11="",0,VLOOKUP(H11,Bausteine!$A$2:$AI$33,4,FALSE))+IF(I11="",0,VLOOKUP(I11,Bausteine!$A$2:$AI$33,4,FALSE))+IF(J11="",0,VLOOKUP(J11,Bausteine!$A$2:$AI$33,4,FALSE))+IF(K11="",0,VLOOKUP(K11,Bausteine!$A$2:$AI$33,4,FALSE))+IF(L11="",0,VLOOKUP(L11,Bausteine!$A$2:$AI$33,4,FALSE)) | N11: =IF(C11="",0,VLOOKUP(C11,Bausteine!$A$2:$AI$33,5,FALSE))+IF(D11="",0,VLOOKUP(D11,Bausteine!$A$2:$AI$33,5,FALSE))+IF(E11="",0,VLOOKUP(E11,Bausteine!$A$2:$AI$33,5,FALSE))+IF(F11="",0,VLOOKUP(F11,Bausteine!$A$2:$AI$33,5,FALSE))+IF(G11="",0,VLOOKUP(G11,Bausteine!$A$2:$AI$33,5,FALSE))+IF(H11="",0,VLOOKUP(H11,Bausteine!$A$2:$AI$33,5,FALSE))+IF(I11="",0,VLOOKUP(I11,Bausteine!$A$2:$AI$33,5,FALSE))+IF(J11="",0,VLOOKUP(J11,Bausteine!$A$2:$AI$33,5,FALSE))+IF(K11="",0,VLOOKUP(K11,Bausteine!$A$2:$AI$33,5,FALSE))+IF(L11="",0,VLOOKUP(L11,Bausteine!$A$2:$AI$33,5,FALSE)) | O11: =MAX(IF(C11="",0,VLOOKUP(C11,Bausteine!$A$2:$AI$33,6,FALSE)),IF(D11="",0,VLOOKUP(D11,Bausteine!$A$2:$AI$33,6,FALSE)),IF(E11="",0,VLOOKUP(E11,Bausteine!$A$2:$AI$33,6,FALSE)),IF(F11="",0,VLOOKUP(F11,Bausteine!$A$2:$AI$33,6,FALSE)),IF(G11="",0,VLOOKUP(G11,Bausteine!$A$2:$AI$33,6,FALSE)),IF(H11="",0,VLOOKUP(H11,Bausteine!$A$2:$AI$33,6,FALSE)),IF(I11="",0,VLOOKUP(I11,Bausteine!$A$2:$AI$33,6,FALSE)),IF(J11="",0,VLOOKUP(J11,Bausteine!$A$2:$AI$33,6,FALSE)),IF(K11="",0,VLOOKUP(K11,Bausteine!$A$2:$AI$33,6,FALSE)),IF(L11="",0,VLOOKUP(L11,Bausteine!$A$2:$AI$33,6,FALSE))) | P11: =IF(C11="",0,VLOOKUP(C11,Bausteine!$A$2:$AI$33,7,FALSE))*IF(F11="",0,VLOOKUP(F11,Bausteine!$A$2:$AI$33,17,FALSE))/100+IF(D11="",0,VLOOKUP(D11,Bausteine!$A$2:$AI$33,7,FALSE))+IF(E11="",0,VLOOKUP(E11,Bausteine!$A$2:$AI$33,7,FALSE))+IF(G11="",0,VLOOKUP(G11,Bausteine!$A$2:$AI$33,7,FALSE))+IF(H11="",0,VLOOKUP(H11,Bausteine!$A$2:$AI$33,7,FALSE))+IF(I11="",0,VLOOKUP(I11,Bausteine!$A$2:$AI$33,7,FALSE))+IF(J11="",0,VLOOKUP(J11,Bausteine!$A$2:$AI$33,7,FALSE))+IF(K11="",0,VLOOKUP(K11,Bausteine!$A$2:$AI$33,7,FALSE))+IF(L11="",0,VLOOKUP(L11,Bausteine!$A$2:$AI$33,7,FALSE)) | Q11: =N11*Parameter!$B$2 | R11: =P11-Q11 | S11: =IF(C11="",0,VLOOKUP(C11,Bausteine!$A$2:$AI$33,13,FALSE))*IF(F11="",0,VLOOKUP(F11,Bausteine!$A$2:$AI$33,16,FALSE))/100 | T11: =IF(C11="",0,VLOOKUP(C11,Bausteine!$A$2:$AI$33,8,FALSE))*IF(F11="",0,VLOOKUP(F11,Bausteine!$A$2:$AI$33,15,FALSE))/100+IF(D11="",0,VLOOKUP(D11,Bausteine!$A$2:$AI$33,8,FALSE))+IF(E11="",0,VLOOKUP(E11,Bausteine!$A$2:$AI$33,8,FALSE))+IF(G11="",0,VLOOKUP(G11,Bausteine!$A$2:$AI$33,8,FALSE))+IF(H11="",0,VLOOKUP(H11,Bausteine!$A$2:$AI$33,8,FALSE))+IF(I11="",0,VLOOKUP(I11,Bausteine!$A$2:$AI$33,8,FALSE))+IF(J11="",0,VLOOKUP(J11,Bausteine!$A$2:$AI$33,8,FALSE))+IF(K11="",0,VLOOKUP(K11,Bausteine!$A$2:$AI$33,8,FALSE))+IF(L11="",0,VLOOKUP(L11,Bausteine!$A$2:$AI$33,8,FALSE)) | U11: =IF(C11="",0,VLOOKUP(C11,Bausteine!$A$2:$AI$33,9,FALSE))+IF(D11="",0,VLOOKUP(D11,Bausteine!$A$2:$AI$33,9,FALSE))+IF(E11="",0,VLOOKUP(E11,Bausteine!$A$2:$AI$33,9,FALSE))+IF(F11="",0,VLOOKUP(F11,Bausteine!$A$2:$AI$33,9,FALSE))+IF(G11="",0,VLOOKUP(G11,Bausteine!$A$2:$AI$33,9,FALSE))+IF(H11="",0,VLOOKUP(H11,Bausteine!$A$2:$AI$33,9,FALSE))+IF(I11="",0,VLOOKUP(I11,Bausteine!$A$2:$AI$33,9,FALSE))+IF(J11="",0,VLOOKUP(J11,Bausteine!$A$2:$AI$33,9,FALSE))+IF(K11="",0,VLOOKUP(K11,Bausteine!$A$2:$AI$33,9,FALSE))+IF(L11="",0,VLOOKUP(L11,Bausteine!$A$2:$AI$33,9,FALSE)) | V11: =IF(D11="",0,VLOOKUP(D11,Bausteine!$A$2:$AI$33,10,FALSE))-U11/IF(E11="",0,VLOOKUP(E11,Bausteine!$A$2:$AI$33,11,FALSE)) | W11: =IF(Y11<>"OK","",ROUND(MIN(IF(C11="",0,VLOOKUP(C11,Bausteine!$A$2:$AI$33,21,FALSE)),IF(C11="",0,VLOOKUP(C11,Bausteine!$A$2:$AI$33,20,FALSE))*(V11/T11/(IF(C11="",0,VLOOKUP(C11,Bausteine!$A$2:$AI$33,19,FALSE))/IF(C11="",0,VLOOKUP(C11,Bausteine!$A$2:$AI$33,18,FALSE))))^Parameter!$B$3),0)) | X11: =IF(F11="",0,VLOOKUP(F11,Bausteine!$A$2:$AI$33,14,FALSE)) | Y11: =IFERROR(IF(OR(R11<=0,T11<=0,V11<=0,U11>IF(E11="",0,VLOOKUP(E11,Bausteine!$A$2:$AI$33,12,FALSE)),T11>IF(C11="",0,VLOOKUP(C11,Bausteine!$A$2:$AI$33,22,FALSE)),IF(E11="",0,VLOOKUP(E11,Bausteine!$A$2:$AI$33,11,FALSE))<=0,IF(E11="",0,VLOOKUP(E11,Bausteine!$A$2:$AI$33,11,FALSE))>1),"UNGUELTIG","OK"),"FEHLER") | Z11: 600 | AA11: 100
A12: Battlemaster Mass Production PDL | B12: china | C12: battlemaster-mass-produced | D12: diesel-large | E12: efficient-generator | F12: heavy | G12: cannon-turret | H12: cannon | I12: shell | J12: pdl | M12: =IF(C12="",0,VLOOKUP(C12,Bausteine!$A$2:$AI$33,4,FALSE))+IF(D12="",0,VLOOKUP(D12,Bausteine!$A$2:$AI$33,4,FALSE))+IF(E12="",0,VLOOKUP(E12,Bausteine!$A$2:$AI$33,4,FALSE))+IF(F12="",0,VLOOKUP(F12,Bausteine!$A$2:$AI$33,4,FALSE))+IF(G12="",0,VLOOKUP(G12,Bausteine!$A$2:$AI$33,4,FALSE))+IF(H12="",0,VLOOKUP(H12,Bausteine!$A$2:$AI$33,4,FALSE))+IF(I12="",0,VLOOKUP(I12,Bausteine!$A$2:$AI$33,4,FALSE))+IF(J12="",0,VLOOKUP(J12,Bausteine!$A$2:$AI$33,4,FALSE))+IF(K12="",0,VLOOKUP(K12,Bausteine!$A$2:$AI$33,4,FALSE))+IF(L12="",0,VLOOKUP(L12,Bausteine!$A$2:$AI$33,4,FALSE)) | N12: =IF(C12="",0,VLOOKUP(C12,Bausteine!$A$2:$AI$33,5,FALSE))+IF(D12="",0,VLOOKUP(D12,Bausteine!$A$2:$AI$33,5,FALSE))+IF(E12="",0,VLOOKUP(E12,Bausteine!$A$2:$AI$33,5,FALSE))+IF(F12="",0,VLOOKUP(F12,Bausteine!$A$2:$AI$33,5,FALSE))+IF(G12="",0,VLOOKUP(G12,Bausteine!$A$2:$AI$33,5,FALSE))+IF(H12="",0,VLOOKUP(H12,Bausteine!$A$2:$AI$33,5,FALSE))+IF(I12="",0,VLOOKUP(I12,Bausteine!$A$2:$AI$33,5,FALSE))+IF(J12="",0,VLOOKUP(J12,Bausteine!$A$2:$AI$33,5,FALSE))+IF(K12="",0,VLOOKUP(K12,Bausteine!$A$2:$AI$33,5,FALSE))+IF(L12="",0,VLOOKUP(L12,Bausteine!$A$2:$AI$33,5,FALSE)) | O12: =MAX(IF(C12="",0,VLOOKUP(C12,Bausteine!$A$2:$AI$33,6,FALSE)),IF(D12="",0,VLOOKUP(D12,Bausteine!$A$2:$AI$33,6,FALSE)),IF(E12="",0,VLOOKUP(E12,Bausteine!$A$2:$AI$33,6,FALSE)),IF(F12="",0,VLOOKUP(F12,Bausteine!$A$2:$AI$33,6,FALSE)),IF(G12="",0,VLOOKUP(G12,Bausteine!$A$2:$AI$33,6,FALSE)),IF(H12="",0,VLOOKUP(H12,Bausteine!$A$2:$AI$33,6,FALSE)),IF(I12="",0,VLOOKUP(I12,Bausteine!$A$2:$AI$33,6,FALSE)),IF(J12="",0,VLOOKUP(J12,Bausteine!$A$2:$AI$33,6,FALSE)),IF(K12="",0,VLOOKUP(K12,Bausteine!$A$2:$AI$33,6,FALSE)),IF(L12="",0,VLOOKUP(L12,Bausteine!$A$2:$AI$33,6,FALSE))) | P12: =IF(C12="",0,VLOOKUP(C12,Bausteine!$A$2:$AI$33,7,FALSE))*IF(F12="",0,VLOOKUP(F12,Bausteine!$A$2:$AI$33,17,FALSE))/100+IF(D12="",0,VLOOKUP(D12,Bausteine!$A$2:$AI$33,7,FALSE))+IF(E12="",0,VLOOKUP(E12,Bausteine!$A$2:$AI$33,7,FALSE))+IF(G12="",0,VLOOKUP(G12,Bausteine!$A$2:$AI$33,7,FALSE))+IF(H12="",0,VLOOKUP(H12,Bausteine!$A$2:$AI$33,7,FALSE))+IF(I12="",0,VLOOKUP(I12,Bausteine!$A$2:$AI$33,7,FALSE))+IF(J12="",0,VLOOKUP(J12,Bausteine!$A$2:$AI$33,7,FALSE))+IF(K12="",0,VLOOKUP(K12,Bausteine!$A$2:$AI$33,7,FALSE))+IF(L12="",0,VLOOKUP(L12,Bausteine!$A$2:$AI$33,7,FALSE)) | Q12: =N12*Parameter!$B$2 | R12: =P12-Q12 | S12: =IF(C12="",0,VLOOKUP(C12,Bausteine!$A$2:$AI$33,13,FALSE))*IF(F12="",0,VLOOKUP(F12,Bausteine!$A$2:$AI$33,16,FALSE))/100 | T12: =IF(C12="",0,VLOOKUP(C12,Bausteine!$A$2:$AI$33,8,FALSE))*IF(F12="",0,VLOOKUP(F12,Bausteine!$A$2:$AI$33,15,FALSE))/100+IF(D12="",0,VLOOKUP(D12,Bausteine!$A$2:$AI$33,8,FALSE))+IF(E12="",0,VLOOKUP(E12,Bausteine!$A$2:$AI$33,8,FALSE))+IF(G12="",0,VLOOKUP(G12,Bausteine!$A$2:$AI$33,8,FALSE))+IF(H12="",0,VLOOKUP(H12,Bausteine!$A$2:$AI$33,8,FALSE))+IF(I12="",0,VLOOKUP(I12,Bausteine!$A$2:$AI$33,8,FALSE))+IF(J12="",0,VLOOKUP(J12,Bausteine!$A$2:$AI$33,8,FALSE))+IF(K12="",0,VLOOKUP(K12,Bausteine!$A$2:$AI$33,8,FALSE))+IF(L12="",0,VLOOKUP(L12,Bausteine!$A$2:$AI$33,8,FALSE)) | U12: =IF(C12="",0,VLOOKUP(C12,Bausteine!$A$2:$AI$33,9,FALSE))+IF(D12="",0,VLOOKUP(D12,Bausteine!$A$2:$AI$33,9,FALSE))+IF(E12="",0,VLOOKUP(E12,Bausteine!$A$2:$AI$33,9,FALSE))+IF(F12="",0,VLOOKUP(F12,Bausteine!$A$2:$AI$33,9,FALSE))+IF(G12="",0,VLOOKUP(G12,Bausteine!$A$2:$AI$33,9,FALSE))+IF(H12="",0,VLOOKUP(H12,Bausteine!$A$2:$AI$33,9,FALSE))+IF(I12="",0,VLOOKUP(I12,Bausteine!$A$2:$AI$33,9,FALSE))+IF(J12="",0,VLOOKUP(J12,Bausteine!$A$2:$AI$33,9,FALSE))+IF(K12="",0,VLOOKUP(K12,Bausteine!$A$2:$AI$33,9,FALSE))+IF(L12="",0,VLOOKUP(L12,Bausteine!$A$2:$AI$33,9,FALSE)) | V12: =IF(D12="",0,VLOOKUP(D12,Bausteine!$A$2:$AI$33,10,FALSE))-U12/IF(E12="",0,VLOOKUP(E12,Bausteine!$A$2:$AI$33,11,FALSE)) | W12: =IF(Y12<>"OK","",ROUND(MIN(IF(C12="",0,VLOOKUP(C12,Bausteine!$A$2:$AI$33,21,FALSE)),IF(C12="",0,VLOOKUP(C12,Bausteine!$A$2:$AI$33,20,FALSE))*(V12/T12/(IF(C12="",0,VLOOKUP(C12,Bausteine!$A$2:$AI$33,19,FALSE))/IF(C12="",0,VLOOKUP(C12,Bausteine!$A$2:$AI$33,18,FALSE))))^Parameter!$B$3),0)) | X12: =IF(F12="",0,VLOOKUP(F12,Bausteine!$A$2:$AI$33,14,FALSE)) | Y12: =IFERROR(IF(OR(R12<=0,T12<=0,V12<=0,U12>IF(E12="",0,VLOOKUP(E12,Bausteine!$A$2:$AI$33,12,FALSE)),T12>IF(C12="",0,VLOOKUP(C12,Bausteine!$A$2:$AI$33,22,FALSE)),IF(E12="",0,VLOOKUP(E12,Bausteine!$A$2:$AI$33,11,FALSE))<=0,IF(E12="",0,VLOOKUP(E12,Bausteine!$A$2:$AI$33,11,FALSE))>1),"UNGUELTIG","OK"),"FEHLER") | Z12: 1250 | AA12: 100
A13: Battlemaster Mass Production Reflector | B13: china | C13: battlemaster-mass-produced | D13: diesel-large | E13: efficient-generator | F13: reflector | G13: cannon-turret | H13: cannon | I13: shell | M13: =IF(C13="",0,VLOOKUP(C13,Bausteine!$A$2:$AI$33,4,FALSE))+IF(D13="",0,VLOOKUP(D13,Bausteine!$A$2:$AI$33,4,FALSE))+IF(E13="",0,VLOOKUP(E13,Bausteine!$A$2:$AI$33,4,FALSE))+IF(F13="",0,VLOOKUP(F13,Bausteine!$A$2:$AI$33,4,FALSE))+IF(G13="",0,VLOOKUP(G13,Bausteine!$A$2:$AI$33,4,FALSE))+IF(H13="",0,VLOOKUP(H13,Bausteine!$A$2:$AI$33,4,FALSE))+IF(I13="",0,VLOOKUP(I13,Bausteine!$A$2:$AI$33,4,FALSE))+IF(J13="",0,VLOOKUP(J13,Bausteine!$A$2:$AI$33,4,FALSE))+IF(K13="",0,VLOOKUP(K13,Bausteine!$A$2:$AI$33,4,FALSE))+IF(L13="",0,VLOOKUP(L13,Bausteine!$A$2:$AI$33,4,FALSE)) | N13: =IF(C13="",0,VLOOKUP(C13,Bausteine!$A$2:$AI$33,5,FALSE))+IF(D13="",0,VLOOKUP(D13,Bausteine!$A$2:$AI$33,5,FALSE))+IF(E13="",0,VLOOKUP(E13,Bausteine!$A$2:$AI$33,5,FALSE))+IF(F13="",0,VLOOKUP(F13,Bausteine!$A$2:$AI$33,5,FALSE))+IF(G13="",0,VLOOKUP(G13,Bausteine!$A$2:$AI$33,5,FALSE))+IF(H13="",0,VLOOKUP(H13,Bausteine!$A$2:$AI$33,5,FALSE))+IF(I13="",0,VLOOKUP(I13,Bausteine!$A$2:$AI$33,5,FALSE))+IF(J13="",0,VLOOKUP(J13,Bausteine!$A$2:$AI$33,5,FALSE))+IF(K13="",0,VLOOKUP(K13,Bausteine!$A$2:$AI$33,5,FALSE))+IF(L13="",0,VLOOKUP(L13,Bausteine!$A$2:$AI$33,5,FALSE)) | O13: =MAX(IF(C13="",0,VLOOKUP(C13,Bausteine!$A$2:$AI$33,6,FALSE)),IF(D13="",0,VLOOKUP(D13,Bausteine!$A$2:$AI$33,6,FALSE)),IF(E13="",0,VLOOKUP(E13,Bausteine!$A$2:$AI$33,6,FALSE)),IF(F13="",0,VLOOKUP(F13,Bausteine!$A$2:$AI$33,6,FALSE)),IF(G13="",0,VLOOKUP(G13,Bausteine!$A$2:$AI$33,6,FALSE)),IF(H13="",0,VLOOKUP(H13,Bausteine!$A$2:$AI$33,6,FALSE)),IF(I13="",0,VLOOKUP(I13,Bausteine!$A$2:$AI$33,6,FALSE)),IF(J13="",0,VLOOKUP(J13,Bausteine!$A$2:$AI$33,6,FALSE)),IF(K13="",0,VLOOKUP(K13,Bausteine!$A$2:$AI$33,6,FALSE)),IF(L13="",0,VLOOKUP(L13,Bausteine!$A$2:$AI$33,6,FALSE))) | P13: =IF(C13="",0,VLOOKUP(C13,Bausteine!$A$2:$AI$33,7,FALSE))*IF(F13="",0,VLOOKUP(F13,Bausteine!$A$2:$AI$33,17,FALSE))/100+IF(D13="",0,VLOOKUP(D13,Bausteine!$A$2:$AI$33,7,FALSE))+IF(E13="",0,VLOOKUP(E13,Bausteine!$A$2:$AI$33,7,FALSE))+IF(G13="",0,VLOOKUP(G13,Bausteine!$A$2:$AI$33,7,FALSE))+IF(H13="",0,VLOOKUP(H13,Bausteine!$A$2:$AI$33,7,FALSE))+IF(I13="",0,VLOOKUP(I13,Bausteine!$A$2:$AI$33,7,FALSE))+IF(J13="",0,VLOOKUP(J13,Bausteine!$A$2:$AI$33,7,FALSE))+IF(K13="",0,VLOOKUP(K13,Bausteine!$A$2:$AI$33,7,FALSE))+IF(L13="",0,VLOOKUP(L13,Bausteine!$A$2:$AI$33,7,FALSE)) | Q13: =N13*Parameter!$B$2 | R13: =P13-Q13 | S13: =IF(C13="",0,VLOOKUP(C13,Bausteine!$A$2:$AI$33,13,FALSE))*IF(F13="",0,VLOOKUP(F13,Bausteine!$A$2:$AI$33,16,FALSE))/100 | T13: =IF(C13="",0,VLOOKUP(C13,Bausteine!$A$2:$AI$33,8,FALSE))*IF(F13="",0,VLOOKUP(F13,Bausteine!$A$2:$AI$33,15,FALSE))/100+IF(D13="",0,VLOOKUP(D13,Bausteine!$A$2:$AI$33,8,FALSE))+IF(E13="",0,VLOOKUP(E13,Bausteine!$A$2:$AI$33,8,FALSE))+IF(G13="",0,VLOOKUP(G13,Bausteine!$A$2:$AI$33,8,FALSE))+IF(H13="",0,VLOOKUP(H13,Bausteine!$A$2:$AI$33,8,FALSE))+IF(I13="",0,VLOOKUP(I13,Bausteine!$A$2:$AI$33,8,FALSE))+IF(J13="",0,VLOOKUP(J13,Bausteine!$A$2:$AI$33,8,FALSE))+IF(K13="",0,VLOOKUP(K13,Bausteine!$A$2:$AI$33,8,FALSE))+IF(L13="",0,VLOOKUP(L13,Bausteine!$A$2:$AI$33,8,FALSE)) | U13: =IF(C13="",0,VLOOKUP(C13,Bausteine!$A$2:$AI$33,9,FALSE))+IF(D13="",0,VLOOKUP(D13,Bausteine!$A$2:$AI$33,9,FALSE))+IF(E13="",0,VLOOKUP(E13,Bausteine!$A$2:$AI$33,9,FALSE))+IF(F13="",0,VLOOKUP(F13,Bausteine!$A$2:$AI$33,9,FALSE))+IF(G13="",0,VLOOKUP(G13,Bausteine!$A$2:$AI$33,9,FALSE))+IF(H13="",0,VLOOKUP(H13,Bausteine!$A$2:$AI$33,9,FALSE))+IF(I13="",0,VLOOKUP(I13,Bausteine!$A$2:$AI$33,9,FALSE))+IF(J13="",0,VLOOKUP(J13,Bausteine!$A$2:$AI$33,9,FALSE))+IF(K13="",0,VLOOKUP(K13,Bausteine!$A$2:$AI$33,9,FALSE))+IF(L13="",0,VLOOKUP(L13,Bausteine!$A$2:$AI$33,9,FALSE)) | V13: =IF(D13="",0,VLOOKUP(D13,Bausteine!$A$2:$AI$33,10,FALSE))-U13/IF(E13="",0,VLOOKUP(E13,Bausteine!$A$2:$AI$33,11,FALSE)) | W13: =IF(Y13<>"OK","",ROUND(MIN(IF(C13="",0,VLOOKUP(C13,Bausteine!$A$2:$AI$33,21,FALSE)),IF(C13="",0,VLOOKUP(C13,Bausteine!$A$2:$AI$33,20,FALSE))*(V13/T13/(IF(C13="",0,VLOOKUP(C13,Bausteine!$A$2:$AI$33,19,FALSE))/IF(C13="",0,VLOOKUP(C13,Bausteine!$A$2:$AI$33,18,FALSE))))^Parameter!$B$3),0)) | X13: =IF(F13="",0,VLOOKUP(F13,Bausteine!$A$2:$AI$33,14,FALSE)) | Y13: =IFERROR(IF(OR(R13<=0,T13<=0,V13<=0,U13>IF(E13="",0,VLOOKUP(E13,Bausteine!$A$2:$AI$33,12,FALSE)),T13>IF(C13="",0,VLOOKUP(C13,Bausteine!$A$2:$AI$33,22,FALSE)),IF(E13="",0,VLOOKUP(E13,Bausteine!$A$2:$AI$33,11,FALSE))<=0,IF(E13="",0,VLOOKUP(E13,Bausteine!$A$2:$AI$33,11,FALSE))>1),"UNGUELTIG","OK"),"FEHLER") | Z13: 600 | AA13: 100
A14: Battlemaster Autoloader | B14: china | C14: battlemaster | D14: diesel | E14: baseline-generator | F14: heavy | G14: autoloader-turret | H14: cannon | I14: shell | M14: =IF(C14="",0,VLOOKUP(C14,Bausteine!$A$2:$AI$33,4,FALSE))+IF(D14="",0,VLOOKUP(D14,Bausteine!$A$2:$AI$33,4,FALSE))+IF(E14="",0,VLOOKUP(E14,Bausteine!$A$2:$AI$33,4,FALSE))+IF(F14="",0,VLOOKUP(F14,Bausteine!$A$2:$AI$33,4,FALSE))+IF(G14="",0,VLOOKUP(G14,Bausteine!$A$2:$AI$33,4,FALSE))+IF(H14="",0,VLOOKUP(H14,Bausteine!$A$2:$AI$33,4,FALSE))+IF(I14="",0,VLOOKUP(I14,Bausteine!$A$2:$AI$33,4,FALSE))+IF(J14="",0,VLOOKUP(J14,Bausteine!$A$2:$AI$33,4,FALSE))+IF(K14="",0,VLOOKUP(K14,Bausteine!$A$2:$AI$33,4,FALSE))+IF(L14="",0,VLOOKUP(L14,Bausteine!$A$2:$AI$33,4,FALSE)) | N14: =IF(C14="",0,VLOOKUP(C14,Bausteine!$A$2:$AI$33,5,FALSE))+IF(D14="",0,VLOOKUP(D14,Bausteine!$A$2:$AI$33,5,FALSE))+IF(E14="",0,VLOOKUP(E14,Bausteine!$A$2:$AI$33,5,FALSE))+IF(F14="",0,VLOOKUP(F14,Bausteine!$A$2:$AI$33,5,FALSE))+IF(G14="",0,VLOOKUP(G14,Bausteine!$A$2:$AI$33,5,FALSE))+IF(H14="",0,VLOOKUP(H14,Bausteine!$A$2:$AI$33,5,FALSE))+IF(I14="",0,VLOOKUP(I14,Bausteine!$A$2:$AI$33,5,FALSE))+IF(J14="",0,VLOOKUP(J14,Bausteine!$A$2:$AI$33,5,FALSE))+IF(K14="",0,VLOOKUP(K14,Bausteine!$A$2:$AI$33,5,FALSE))+IF(L14="",0,VLOOKUP(L14,Bausteine!$A$2:$AI$33,5,FALSE)) | O14: =MAX(IF(C14="",0,VLOOKUP(C14,Bausteine!$A$2:$AI$33,6,FALSE)),IF(D14="",0,VLOOKUP(D14,Bausteine!$A$2:$AI$33,6,FALSE)),IF(E14="",0,VLOOKUP(E14,Bausteine!$A$2:$AI$33,6,FALSE)),IF(F14="",0,VLOOKUP(F14,Bausteine!$A$2:$AI$33,6,FALSE)),IF(G14="",0,VLOOKUP(G14,Bausteine!$A$2:$AI$33,6,FALSE)),IF(H14="",0,VLOOKUP(H14,Bausteine!$A$2:$AI$33,6,FALSE)),IF(I14="",0,VLOOKUP(I14,Bausteine!$A$2:$AI$33,6,FALSE)),IF(J14="",0,VLOOKUP(J14,Bausteine!$A$2:$AI$33,6,FALSE)),IF(K14="",0,VLOOKUP(K14,Bausteine!$A$2:$AI$33,6,FALSE)),IF(L14="",0,VLOOKUP(L14,Bausteine!$A$2:$AI$33,6,FALSE))) | P14: =IF(C14="",0,VLOOKUP(C14,Bausteine!$A$2:$AI$33,7,FALSE))*IF(F14="",0,VLOOKUP(F14,Bausteine!$A$2:$AI$33,17,FALSE))/100+IF(D14="",0,VLOOKUP(D14,Bausteine!$A$2:$AI$33,7,FALSE))+IF(E14="",0,VLOOKUP(E14,Bausteine!$A$2:$AI$33,7,FALSE))+IF(G14="",0,VLOOKUP(G14,Bausteine!$A$2:$AI$33,7,FALSE))+IF(H14="",0,VLOOKUP(H14,Bausteine!$A$2:$AI$33,7,FALSE))+IF(I14="",0,VLOOKUP(I14,Bausteine!$A$2:$AI$33,7,FALSE))+IF(J14="",0,VLOOKUP(J14,Bausteine!$A$2:$AI$33,7,FALSE))+IF(K14="",0,VLOOKUP(K14,Bausteine!$A$2:$AI$33,7,FALSE))+IF(L14="",0,VLOOKUP(L14,Bausteine!$A$2:$AI$33,7,FALSE)) | Q14: =N14*Parameter!$B$2 | R14: =P14-Q14 | S14: =IF(C14="",0,VLOOKUP(C14,Bausteine!$A$2:$AI$33,13,FALSE))*IF(F14="",0,VLOOKUP(F14,Bausteine!$A$2:$AI$33,16,FALSE))/100 | T14: =IF(C14="",0,VLOOKUP(C14,Bausteine!$A$2:$AI$33,8,FALSE))*IF(F14="",0,VLOOKUP(F14,Bausteine!$A$2:$AI$33,15,FALSE))/100+IF(D14="",0,VLOOKUP(D14,Bausteine!$A$2:$AI$33,8,FALSE))+IF(E14="",0,VLOOKUP(E14,Bausteine!$A$2:$AI$33,8,FALSE))+IF(G14="",0,VLOOKUP(G14,Bausteine!$A$2:$AI$33,8,FALSE))+IF(H14="",0,VLOOKUP(H14,Bausteine!$A$2:$AI$33,8,FALSE))+IF(I14="",0,VLOOKUP(I14,Bausteine!$A$2:$AI$33,8,FALSE))+IF(J14="",0,VLOOKUP(J14,Bausteine!$A$2:$AI$33,8,FALSE))+IF(K14="",0,VLOOKUP(K14,Bausteine!$A$2:$AI$33,8,FALSE))+IF(L14="",0,VLOOKUP(L14,Bausteine!$A$2:$AI$33,8,FALSE)) | U14: =IF(C14="",0,VLOOKUP(C14,Bausteine!$A$2:$AI$33,9,FALSE))+IF(D14="",0,VLOOKUP(D14,Bausteine!$A$2:$AI$33,9,FALSE))+IF(E14="",0,VLOOKUP(E14,Bausteine!$A$2:$AI$33,9,FALSE))+IF(F14="",0,VLOOKUP(F14,Bausteine!$A$2:$AI$33,9,FALSE))+IF(G14="",0,VLOOKUP(G14,Bausteine!$A$2:$AI$33,9,FALSE))+IF(H14="",0,VLOOKUP(H14,Bausteine!$A$2:$AI$33,9,FALSE))+IF(I14="",0,VLOOKUP(I14,Bausteine!$A$2:$AI$33,9,FALSE))+IF(J14="",0,VLOOKUP(J14,Bausteine!$A$2:$AI$33,9,FALSE))+IF(K14="",0,VLOOKUP(K14,Bausteine!$A$2:$AI$33,9,FALSE))+IF(L14="",0,VLOOKUP(L14,Bausteine!$A$2:$AI$33,9,FALSE)) | V14: =IF(D14="",0,VLOOKUP(D14,Bausteine!$A$2:$AI$33,10,FALSE))-U14/IF(E14="",0,VLOOKUP(E14,Bausteine!$A$2:$AI$33,11,FALSE)) | W14: =IF(Y14<>"OK","",ROUND(MIN(IF(C14="",0,VLOOKUP(C14,Bausteine!$A$2:$AI$33,21,FALSE)),IF(C14="",0,VLOOKUP(C14,Bausteine!$A$2:$AI$33,20,FALSE))*(V14/T14/(IF(C14="",0,VLOOKUP(C14,Bausteine!$A$2:$AI$33,19,FALSE))/IF(C14="",0,VLOOKUP(C14,Bausteine!$A$2:$AI$33,18,FALSE))))^Parameter!$B$3),0)) | X14: =IF(F14="",0,VLOOKUP(F14,Bausteine!$A$2:$AI$33,14,FALSE)) | Y14: =IFERROR(IF(OR(R14<=0,T14<=0,V14<=0,U14>IF(E14="",0,VLOOKUP(E14,Bausteine!$A$2:$AI$33,12,FALSE)),T14>IF(C14="",0,VLOOKUP(C14,Bausteine!$A$2:$AI$33,22,FALSE)),IF(E14="",0,VLOOKUP(E14,Bausteine!$A$2:$AI$33,11,FALSE))<=0,IF(E14="",0,VLOOKUP(E14,Bausteine!$A$2:$AI$33,11,FALSE))>1),"UNGUELTIG","OK"),"FEHLER") | Z14: 950 | AA14: 100
A15: Battlemaster Autoloader PDL | B15: china | C15: battlemaster | D15: diesel-large | E15: efficient-generator | F15: heavy | G15: autoloader-turret | H15: cannon | I15: shell | J15: pdl | M15: =IF(C15="",0,VLOOKUP(C15,Bausteine!$A$2:$AI$33,4,FALSE))+IF(D15="",0,VLOOKUP(D15,Bausteine!$A$2:$AI$33,4,FALSE))+IF(E15="",0,VLOOKUP(E15,Bausteine!$A$2:$AI$33,4,FALSE))+IF(F15="",0,VLOOKUP(F15,Bausteine!$A$2:$AI$33,4,FALSE))+IF(G15="",0,VLOOKUP(G15,Bausteine!$A$2:$AI$33,4,FALSE))+IF(H15="",0,VLOOKUP(H15,Bausteine!$A$2:$AI$33,4,FALSE))+IF(I15="",0,VLOOKUP(I15,Bausteine!$A$2:$AI$33,4,FALSE))+IF(J15="",0,VLOOKUP(J15,Bausteine!$A$2:$AI$33,4,FALSE))+IF(K15="",0,VLOOKUP(K15,Bausteine!$A$2:$AI$33,4,FALSE))+IF(L15="",0,VLOOKUP(L15,Bausteine!$A$2:$AI$33,4,FALSE)) | N15: =IF(C15="",0,VLOOKUP(C15,Bausteine!$A$2:$AI$33,5,FALSE))+IF(D15="",0,VLOOKUP(D15,Bausteine!$A$2:$AI$33,5,FALSE))+IF(E15="",0,VLOOKUP(E15,Bausteine!$A$2:$AI$33,5,FALSE))+IF(F15="",0,VLOOKUP(F15,Bausteine!$A$2:$AI$33,5,FALSE))+IF(G15="",0,VLOOKUP(G15,Bausteine!$A$2:$AI$33,5,FALSE))+IF(H15="",0,VLOOKUP(H15,Bausteine!$A$2:$AI$33,5,FALSE))+IF(I15="",0,VLOOKUP(I15,Bausteine!$A$2:$AI$33,5,FALSE))+IF(J15="",0,VLOOKUP(J15,Bausteine!$A$2:$AI$33,5,FALSE))+IF(K15="",0,VLOOKUP(K15,Bausteine!$A$2:$AI$33,5,FALSE))+IF(L15="",0,VLOOKUP(L15,Bausteine!$A$2:$AI$33,5,FALSE)) | O15: =MAX(IF(C15="",0,VLOOKUP(C15,Bausteine!$A$2:$AI$33,6,FALSE)),IF(D15="",0,VLOOKUP(D15,Bausteine!$A$2:$AI$33,6,FALSE)),IF(E15="",0,VLOOKUP(E15,Bausteine!$A$2:$AI$33,6,FALSE)),IF(F15="",0,VLOOKUP(F15,Bausteine!$A$2:$AI$33,6,FALSE)),IF(G15="",0,VLOOKUP(G15,Bausteine!$A$2:$AI$33,6,FALSE)),IF(H15="",0,VLOOKUP(H15,Bausteine!$A$2:$AI$33,6,FALSE)),IF(I15="",0,VLOOKUP(I15,Bausteine!$A$2:$AI$33,6,FALSE)),IF(J15="",0,VLOOKUP(J15,Bausteine!$A$2:$AI$33,6,FALSE)),IF(K15="",0,VLOOKUP(K15,Bausteine!$A$2:$AI$33,6,FALSE)),IF(L15="",0,VLOOKUP(L15,Bausteine!$A$2:$AI$33,6,FALSE))) | P15: =IF(C15="",0,VLOOKUP(C15,Bausteine!$A$2:$AI$33,7,FALSE))*IF(F15="",0,VLOOKUP(F15,Bausteine!$A$2:$AI$33,17,FALSE))/100+IF(D15="",0,VLOOKUP(D15,Bausteine!$A$2:$AI$33,7,FALSE))+IF(E15="",0,VLOOKUP(E15,Bausteine!$A$2:$AI$33,7,FALSE))+IF(G15="",0,VLOOKUP(G15,Bausteine!$A$2:$AI$33,7,FALSE))+IF(H15="",0,VLOOKUP(H15,Bausteine!$A$2:$AI$33,7,FALSE))+IF(I15="",0,VLOOKUP(I15,Bausteine!$A$2:$AI$33,7,FALSE))+IF(J15="",0,VLOOKUP(J15,Bausteine!$A$2:$AI$33,7,FALSE))+IF(K15="",0,VLOOKUP(K15,Bausteine!$A$2:$AI$33,7,FALSE))+IF(L15="",0,VLOOKUP(L15,Bausteine!$A$2:$AI$33,7,FALSE)) | Q15: =N15*Parameter!$B$2 | R15: =P15-Q15 | S15: =IF(C15="",0,VLOOKUP(C15,Bausteine!$A$2:$AI$33,13,FALSE))*IF(F15="",0,VLOOKUP(F15,Bausteine!$A$2:$AI$33,16,FALSE))/100 | T15: =IF(C15="",0,VLOOKUP(C15,Bausteine!$A$2:$AI$33,8,FALSE))*IF(F15="",0,VLOOKUP(F15,Bausteine!$A$2:$AI$33,15,FALSE))/100+IF(D15="",0,VLOOKUP(D15,Bausteine!$A$2:$AI$33,8,FALSE))+IF(E15="",0,VLOOKUP(E15,Bausteine!$A$2:$AI$33,8,FALSE))+IF(G15="",0,VLOOKUP(G15,Bausteine!$A$2:$AI$33,8,FALSE))+IF(H15="",0,VLOOKUP(H15,Bausteine!$A$2:$AI$33,8,FALSE))+IF(I15="",0,VLOOKUP(I15,Bausteine!$A$2:$AI$33,8,FALSE))+IF(J15="",0,VLOOKUP(J15,Bausteine!$A$2:$AI$33,8,FALSE))+IF(K15="",0,VLOOKUP(K15,Bausteine!$A$2:$AI$33,8,FALSE))+IF(L15="",0,VLOOKUP(L15,Bausteine!$A$2:$AI$33,8,FALSE)) | U15: =IF(C15="",0,VLOOKUP(C15,Bausteine!$A$2:$AI$33,9,FALSE))+IF(D15="",0,VLOOKUP(D15,Bausteine!$A$2:$AI$33,9,FALSE))+IF(E15="",0,VLOOKUP(E15,Bausteine!$A$2:$AI$33,9,FALSE))+IF(F15="",0,VLOOKUP(F15,Bausteine!$A$2:$AI$33,9,FALSE))+IF(G15="",0,VLOOKUP(G15,Bausteine!$A$2:$AI$33,9,FALSE))+IF(H15="",0,VLOOKUP(H15,Bausteine!$A$2:$AI$33,9,FALSE))+IF(I15="",0,VLOOKUP(I15,Bausteine!$A$2:$AI$33,9,FALSE))+IF(J15="",0,VLOOKUP(J15,Bausteine!$A$2:$AI$33,9,FALSE))+IF(K15="",0,VLOOKUP(K15,Bausteine!$A$2:$AI$33,9,FALSE))+IF(L15="",0,VLOOKUP(L15,Bausteine!$A$2:$AI$33,9,FALSE)) | V15: =IF(D15="",0,VLOOKUP(D15,Bausteine!$A$2:$AI$33,10,FALSE))-U15/IF(E15="",0,VLOOKUP(E15,Bausteine!$A$2:$AI$33,11,FALSE)) | W15: =IF(Y15<>"OK","",ROUND(MIN(IF(C15="",0,VLOOKUP(C15,Bausteine!$A$2:$AI$33,21,FALSE)),IF(C15="",0,VLOOKUP(C15,Bausteine!$A$2:$AI$33,20,FALSE))*(V15/T15/(IF(C15="",0,VLOOKUP(C15,Bausteine!$A$2:$AI$33,19,FALSE))/IF(C15="",0,VLOOKUP(C15,Bausteine!$A$2:$AI$33,18,FALSE))))^Parameter!$B$3),0)) | X15: =IF(F15="",0,VLOOKUP(F15,Bausteine!$A$2:$AI$33,14,FALSE)) | Y15: =IFERROR(IF(OR(R15<=0,T15<=0,V15<=0,U15>IF(E15="",0,VLOOKUP(E15,Bausteine!$A$2:$AI$33,12,FALSE)),T15>IF(C15="",0,VLOOKUP(C15,Bausteine!$A$2:$AI$33,22,FALSE)),IF(E15="",0,VLOOKUP(E15,Bausteine!$A$2:$AI$33,11,FALSE))<=0,IF(E15="",0,VLOOKUP(E15,Bausteine!$A$2:$AI$33,11,FALSE))>1),"UNGUELTIG","OK"),"FEHLER") | Z15: 1600 | AA15: 100
A16: Battlemaster Autoloader Reflector | B16: china | C16: battlemaster | D16: diesel-large | E16: efficient-generator | F16: reflector | G16: autoloader-turret | H16: cannon | I16: shell | M16: =IF(C16="",0,VLOOKUP(C16,Bausteine!$A$2:$AI$33,4,FALSE))+IF(D16="",0,VLOOKUP(D16,Bausteine!$A$2:$AI$33,4,FALSE))+IF(E16="",0,VLOOKUP(E16,Bausteine!$A$2:$AI$33,4,FALSE))+IF(F16="",0,VLOOKUP(F16,Bausteine!$A$2:$AI$33,4,FALSE))+IF(G16="",0,VLOOKUP(G16,Bausteine!$A$2:$AI$33,4,FALSE))+IF(H16="",0,VLOOKUP(H16,Bausteine!$A$2:$AI$33,4,FALSE))+IF(I16="",0,VLOOKUP(I16,Bausteine!$A$2:$AI$33,4,FALSE))+IF(J16="",0,VLOOKUP(J16,Bausteine!$A$2:$AI$33,4,FALSE))+IF(K16="",0,VLOOKUP(K16,Bausteine!$A$2:$AI$33,4,FALSE))+IF(L16="",0,VLOOKUP(L16,Bausteine!$A$2:$AI$33,4,FALSE)) | N16: =IF(C16="",0,VLOOKUP(C16,Bausteine!$A$2:$AI$33,5,FALSE))+IF(D16="",0,VLOOKUP(D16,Bausteine!$A$2:$AI$33,5,FALSE))+IF(E16="",0,VLOOKUP(E16,Bausteine!$A$2:$AI$33,5,FALSE))+IF(F16="",0,VLOOKUP(F16,Bausteine!$A$2:$AI$33,5,FALSE))+IF(G16="",0,VLOOKUP(G16,Bausteine!$A$2:$AI$33,5,FALSE))+IF(H16="",0,VLOOKUP(H16,Bausteine!$A$2:$AI$33,5,FALSE))+IF(I16="",0,VLOOKUP(I16,Bausteine!$A$2:$AI$33,5,FALSE))+IF(J16="",0,VLOOKUP(J16,Bausteine!$A$2:$AI$33,5,FALSE))+IF(K16="",0,VLOOKUP(K16,Bausteine!$A$2:$AI$33,5,FALSE))+IF(L16="",0,VLOOKUP(L16,Bausteine!$A$2:$AI$33,5,FALSE)) | O16: =MAX(IF(C16="",0,VLOOKUP(C16,Bausteine!$A$2:$AI$33,6,FALSE)),IF(D16="",0,VLOOKUP(D16,Bausteine!$A$2:$AI$33,6,FALSE)),IF(E16="",0,VLOOKUP(E16,Bausteine!$A$2:$AI$33,6,FALSE)),IF(F16="",0,VLOOKUP(F16,Bausteine!$A$2:$AI$33,6,FALSE)),IF(G16="",0,VLOOKUP(G16,Bausteine!$A$2:$AI$33,6,FALSE)),IF(H16="",0,VLOOKUP(H16,Bausteine!$A$2:$AI$33,6,FALSE)),IF(I16="",0,VLOOKUP(I16,Bausteine!$A$2:$AI$33,6,FALSE)),IF(J16="",0,VLOOKUP(J16,Bausteine!$A$2:$AI$33,6,FALSE)),IF(K16="",0,VLOOKUP(K16,Bausteine!$A$2:$AI$33,6,FALSE)),IF(L16="",0,VLOOKUP(L16,Bausteine!$A$2:$AI$33,6,FALSE))) | P16: =IF(C16="",0,VLOOKUP(C16,Bausteine!$A$2:$AI$33,7,FALSE))*IF(F16="",0,VLOOKUP(F16,Bausteine!$A$2:$AI$33,17,FALSE))/100+IF(D16="",0,VLOOKUP(D16,Bausteine!$A$2:$AI$33,7,FALSE))+IF(E16="",0,VLOOKUP(E16,Bausteine!$A$2:$AI$33,7,FALSE))+IF(G16="",0,VLOOKUP(G16,Bausteine!$A$2:$AI$33,7,FALSE))+IF(H16="",0,VLOOKUP(H16,Bausteine!$A$2:$AI$33,7,FALSE))+IF(I16="",0,VLOOKUP(I16,Bausteine!$A$2:$AI$33,7,FALSE))+IF(J16="",0,VLOOKUP(J16,Bausteine!$A$2:$AI$33,7,FALSE))+IF(K16="",0,VLOOKUP(K16,Bausteine!$A$2:$AI$33,7,FALSE))+IF(L16="",0,VLOOKUP(L16,Bausteine!$A$2:$AI$33,7,FALSE)) | Q16: =N16*Parameter!$B$2 | R16: =P16-Q16 | S16: =IF(C16="",0,VLOOKUP(C16,Bausteine!$A$2:$AI$33,13,FALSE))*IF(F16="",0,VLOOKUP(F16,Bausteine!$A$2:$AI$33,16,FALSE))/100 | T16: =IF(C16="",0,VLOOKUP(C16,Bausteine!$A$2:$AI$33,8,FALSE))*IF(F16="",0,VLOOKUP(F16,Bausteine!$A$2:$AI$33,15,FALSE))/100+IF(D16="",0,VLOOKUP(D16,Bausteine!$A$2:$AI$33,8,FALSE))+IF(E16="",0,VLOOKUP(E16,Bausteine!$A$2:$AI$33,8,FALSE))+IF(G16="",0,VLOOKUP(G16,Bausteine!$A$2:$AI$33,8,FALSE))+IF(H16="",0,VLOOKUP(H16,Bausteine!$A$2:$AI$33,8,FALSE))+IF(I16="",0,VLOOKUP(I16,Bausteine!$A$2:$AI$33,8,FALSE))+IF(J16="",0,VLOOKUP(J16,Bausteine!$A$2:$AI$33,8,FALSE))+IF(K16="",0,VLOOKUP(K16,Bausteine!$A$2:$AI$33,8,FALSE))+IF(L16="",0,VLOOKUP(L16,Bausteine!$A$2:$AI$33,8,FALSE)) | U16: =IF(C16="",0,VLOOKUP(C16,Bausteine!$A$2:$AI$33,9,FALSE))+IF(D16="",0,VLOOKUP(D16,Bausteine!$A$2:$AI$33,9,FALSE))+IF(E16="",0,VLOOKUP(E16,Bausteine!$A$2:$AI$33,9,FALSE))+IF(F16="",0,VLOOKUP(F16,Bausteine!$A$2:$AI$33,9,FALSE))+IF(G16="",0,VLOOKUP(G16,Bausteine!$A$2:$AI$33,9,FALSE))+IF(H16="",0,VLOOKUP(H16,Bausteine!$A$2:$AI$33,9,FALSE))+IF(I16="",0,VLOOKUP(I16,Bausteine!$A$2:$AI$33,9,FALSE))+IF(J16="",0,VLOOKUP(J16,Bausteine!$A$2:$AI$33,9,FALSE))+IF(K16="",0,VLOOKUP(K16,Bausteine!$A$2:$AI$33,9,FALSE))+IF(L16="",0,VLOOKUP(L16,Bausteine!$A$2:$AI$33,9,FALSE)) | V16: =IF(D16="",0,VLOOKUP(D16,Bausteine!$A$2:$AI$33,10,FALSE))-U16/IF(E16="",0,VLOOKUP(E16,Bausteine!$A$2:$AI$33,11,FALSE)) | W16: =IF(Y16<>"OK","",ROUND(MIN(IF(C16="",0,VLOOKUP(C16,Bausteine!$A$2:$AI$33,21,FALSE)),IF(C16="",0,VLOOKUP(C16,Bausteine!$A$2:$AI$33,20,FALSE))*(V16/T16/(IF(C16="",0,VLOOKUP(C16,Bausteine!$A$2:$AI$33,19,FALSE))/IF(C16="",0,VLOOKUP(C16,Bausteine!$A$2:$AI$33,18,FALSE))))^Parameter!$B$3),0)) | X16: =IF(F16="",0,VLOOKUP(F16,Bausteine!$A$2:$AI$33,14,FALSE)) | Y16: =IFERROR(IF(OR(R16<=0,T16<=0,V16<=0,U16>IF(E16="",0,VLOOKUP(E16,Bausteine!$A$2:$AI$33,12,FALSE)),T16>IF(C16="",0,VLOOKUP(C16,Bausteine!$A$2:$AI$33,22,FALSE)),IF(E16="",0,VLOOKUP(E16,Bausteine!$A$2:$AI$33,11,FALSE))<=0,IF(E16="",0,VLOOKUP(E16,Bausteine!$A$2:$AI$33,11,FALSE))>1),"UNGUELTIG","OK"),"FEHLER") | Z16: 950 | AA16: 100
A17: Battlemaster baseline | B17: china | C17: battlemaster | D17: diesel | E17: baseline-generator | F17: heavy | G17: cannon-turret | H17: cannon | I17: shell | M17: =IF(C17="",0,VLOOKUP(C17,Bausteine!$A$2:$AI$33,4,FALSE))+IF(D17="",0,VLOOKUP(D17,Bausteine!$A$2:$AI$33,4,FALSE))+IF(E17="",0,VLOOKUP(E17,Bausteine!$A$2:$AI$33,4,FALSE))+IF(F17="",0,VLOOKUP(F17,Bausteine!$A$2:$AI$33,4,FALSE))+IF(G17="",0,VLOOKUP(G17,Bausteine!$A$2:$AI$33,4,FALSE))+IF(H17="",0,VLOOKUP(H17,Bausteine!$A$2:$AI$33,4,FALSE))+IF(I17="",0,VLOOKUP(I17,Bausteine!$A$2:$AI$33,4,FALSE))+IF(J17="",0,VLOOKUP(J17,Bausteine!$A$2:$AI$33,4,FALSE))+IF(K17="",0,VLOOKUP(K17,Bausteine!$A$2:$AI$33,4,FALSE))+IF(L17="",0,VLOOKUP(L17,Bausteine!$A$2:$AI$33,4,FALSE)) | N17: =IF(C17="",0,VLOOKUP(C17,Bausteine!$A$2:$AI$33,5,FALSE))+IF(D17="",0,VLOOKUP(D17,Bausteine!$A$2:$AI$33,5,FALSE))+IF(E17="",0,VLOOKUP(E17,Bausteine!$A$2:$AI$33,5,FALSE))+IF(F17="",0,VLOOKUP(F17,Bausteine!$A$2:$AI$33,5,FALSE))+IF(G17="",0,VLOOKUP(G17,Bausteine!$A$2:$AI$33,5,FALSE))+IF(H17="",0,VLOOKUP(H17,Bausteine!$A$2:$AI$33,5,FALSE))+IF(I17="",0,VLOOKUP(I17,Bausteine!$A$2:$AI$33,5,FALSE))+IF(J17="",0,VLOOKUP(J17,Bausteine!$A$2:$AI$33,5,FALSE))+IF(K17="",0,VLOOKUP(K17,Bausteine!$A$2:$AI$33,5,FALSE))+IF(L17="",0,VLOOKUP(L17,Bausteine!$A$2:$AI$33,5,FALSE)) | O17: =MAX(IF(C17="",0,VLOOKUP(C17,Bausteine!$A$2:$AI$33,6,FALSE)),IF(D17="",0,VLOOKUP(D17,Bausteine!$A$2:$AI$33,6,FALSE)),IF(E17="",0,VLOOKUP(E17,Bausteine!$A$2:$AI$33,6,FALSE)),IF(F17="",0,VLOOKUP(F17,Bausteine!$A$2:$AI$33,6,FALSE)),IF(G17="",0,VLOOKUP(G17,Bausteine!$A$2:$AI$33,6,FALSE)),IF(H17="",0,VLOOKUP(H17,Bausteine!$A$2:$AI$33,6,FALSE)),IF(I17="",0,VLOOKUP(I17,Bausteine!$A$2:$AI$33,6,FALSE)),IF(J17="",0,VLOOKUP(J17,Bausteine!$A$2:$AI$33,6,FALSE)),IF(K17="",0,VLOOKUP(K17,Bausteine!$A$2:$AI$33,6,FALSE)),IF(L17="",0,VLOOKUP(L17,Bausteine!$A$2:$AI$33,6,FALSE))) | P17: =IF(C17="",0,VLOOKUP(C17,Bausteine!$A$2:$AI$33,7,FALSE))*IF(F17="",0,VLOOKUP(F17,Bausteine!$A$2:$AI$33,17,FALSE))/100+IF(D17="",0,VLOOKUP(D17,Bausteine!$A$2:$AI$33,7,FALSE))+IF(E17="",0,VLOOKUP(E17,Bausteine!$A$2:$AI$33,7,FALSE))+IF(G17="",0,VLOOKUP(G17,Bausteine!$A$2:$AI$33,7,FALSE))+IF(H17="",0,VLOOKUP(H17,Bausteine!$A$2:$AI$33,7,FALSE))+IF(I17="",0,VLOOKUP(I17,Bausteine!$A$2:$AI$33,7,FALSE))+IF(J17="",0,VLOOKUP(J17,Bausteine!$A$2:$AI$33,7,FALSE))+IF(K17="",0,VLOOKUP(K17,Bausteine!$A$2:$AI$33,7,FALSE))+IF(L17="",0,VLOOKUP(L17,Bausteine!$A$2:$AI$33,7,FALSE)) | Q17: =N17*Parameter!$B$2 | R17: =P17-Q17 | S17: =IF(C17="",0,VLOOKUP(C17,Bausteine!$A$2:$AI$33,13,FALSE))*IF(F17="",0,VLOOKUP(F17,Bausteine!$A$2:$AI$33,16,FALSE))/100 | T17: =IF(C17="",0,VLOOKUP(C17,Bausteine!$A$2:$AI$33,8,FALSE))*IF(F17="",0,VLOOKUP(F17,Bausteine!$A$2:$AI$33,15,FALSE))/100+IF(D17="",0,VLOOKUP(D17,Bausteine!$A$2:$AI$33,8,FALSE))+IF(E17="",0,VLOOKUP(E17,Bausteine!$A$2:$AI$33,8,FALSE))+IF(G17="",0,VLOOKUP(G17,Bausteine!$A$2:$AI$33,8,FALSE))+IF(H17="",0,VLOOKUP(H17,Bausteine!$A$2:$AI$33,8,FALSE))+IF(I17="",0,VLOOKUP(I17,Bausteine!$A$2:$AI$33,8,FALSE))+IF(J17="",0,VLOOKUP(J17,Bausteine!$A$2:$AI$33,8,FALSE))+IF(K17="",0,VLOOKUP(K17,Bausteine!$A$2:$AI$33,8,FALSE))+IF(L17="",0,VLOOKUP(L17,Bausteine!$A$2:$AI$33,8,FALSE)) | U17: =IF(C17="",0,VLOOKUP(C17,Bausteine!$A$2:$AI$33,9,FALSE))+IF(D17="",0,VLOOKUP(D17,Bausteine!$A$2:$AI$33,9,FALSE))+IF(E17="",0,VLOOKUP(E17,Bausteine!$A$2:$AI$33,9,FALSE))+IF(F17="",0,VLOOKUP(F17,Bausteine!$A$2:$AI$33,9,FALSE))+IF(G17="",0,VLOOKUP(G17,Bausteine!$A$2:$AI$33,9,FALSE))+IF(H17="",0,VLOOKUP(H17,Bausteine!$A$2:$AI$33,9,FALSE))+IF(I17="",0,VLOOKUP(I17,Bausteine!$A$2:$AI$33,9,FALSE))+IF(J17="",0,VLOOKUP(J17,Bausteine!$A$2:$AI$33,9,FALSE))+IF(K17="",0,VLOOKUP(K17,Bausteine!$A$2:$AI$33,9,FALSE))+IF(L17="",0,VLOOKUP(L17,Bausteine!$A$2:$AI$33,9,FALSE)) | V17: =IF(D17="",0,VLOOKUP(D17,Bausteine!$A$2:$AI$33,10,FALSE))-U17/IF(E17="",0,VLOOKUP(E17,Bausteine!$A$2:$AI$33,11,FALSE)) | W17: =IF(Y17<>"OK","",ROUND(MIN(IF(C17="",0,VLOOKUP(C17,Bausteine!$A$2:$AI$33,21,FALSE)),IF(C17="",0,VLOOKUP(C17,Bausteine!$A$2:$AI$33,20,FALSE))*(V17/T17/(IF(C17="",0,VLOOKUP(C17,Bausteine!$A$2:$AI$33,19,FALSE))/IF(C17="",0,VLOOKUP(C17,Bausteine!$A$2:$AI$33,18,FALSE))))^Parameter!$B$3),0)) | X17: =IF(F17="",0,VLOOKUP(F17,Bausteine!$A$2:$AI$33,14,FALSE)) | Y17: =IFERROR(IF(OR(R17<=0,T17<=0,V17<=0,U17>IF(E17="",0,VLOOKUP(E17,Bausteine!$A$2:$AI$33,12,FALSE)),T17>IF(C17="",0,VLOOKUP(C17,Bausteine!$A$2:$AI$33,22,FALSE)),IF(E17="",0,VLOOKUP(E17,Bausteine!$A$2:$AI$33,11,FALSE))<=0,IF(E17="",0,VLOOKUP(E17,Bausteine!$A$2:$AI$33,11,FALSE))>1),"UNGUELTIG","OK"),"FEHLER") | Z17: 950 | AA17: 100
A18: Battlemaster nuclear drive | B18: china | C18: battlemaster | D18: nuclear | E18: baseline-generator | F18: heavy | G18: cannon-turret | H18: cannon | I18: shell | M18: =IF(C18="",0,VLOOKUP(C18,Bausteine!$A$2:$AI$33,4,FALSE))+IF(D18="",0,VLOOKUP(D18,Bausteine!$A$2:$AI$33,4,FALSE))+IF(E18="",0,VLOOKUP(E18,Bausteine!$A$2:$AI$33,4,FALSE))+IF(F18="",0,VLOOKUP(F18,Bausteine!$A$2:$AI$33,4,FALSE))+IF(G18="",0,VLOOKUP(G18,Bausteine!$A$2:$AI$33,4,FALSE))+IF(H18="",0,VLOOKUP(H18,Bausteine!$A$2:$AI$33,4,FALSE))+IF(I18="",0,VLOOKUP(I18,Bausteine!$A$2:$AI$33,4,FALSE))+IF(J18="",0,VLOOKUP(J18,Bausteine!$A$2:$AI$33,4,FALSE))+IF(K18="",0,VLOOKUP(K18,Bausteine!$A$2:$AI$33,4,FALSE))+IF(L18="",0,VLOOKUP(L18,Bausteine!$A$2:$AI$33,4,FALSE)) | N18: =IF(C18="",0,VLOOKUP(C18,Bausteine!$A$2:$AI$33,5,FALSE))+IF(D18="",0,VLOOKUP(D18,Bausteine!$A$2:$AI$33,5,FALSE))+IF(E18="",0,VLOOKUP(E18,Bausteine!$A$2:$AI$33,5,FALSE))+IF(F18="",0,VLOOKUP(F18,Bausteine!$A$2:$AI$33,5,FALSE))+IF(G18="",0,VLOOKUP(G18,Bausteine!$A$2:$AI$33,5,FALSE))+IF(H18="",0,VLOOKUP(H18,Bausteine!$A$2:$AI$33,5,FALSE))+IF(I18="",0,VLOOKUP(I18,Bausteine!$A$2:$AI$33,5,FALSE))+IF(J18="",0,VLOOKUP(J18,Bausteine!$A$2:$AI$33,5,FALSE))+IF(K18="",0,VLOOKUP(K18,Bausteine!$A$2:$AI$33,5,FALSE))+IF(L18="",0,VLOOKUP(L18,Bausteine!$A$2:$AI$33,5,FALSE)) | O18: =MAX(IF(C18="",0,VLOOKUP(C18,Bausteine!$A$2:$AI$33,6,FALSE)),IF(D18="",0,VLOOKUP(D18,Bausteine!$A$2:$AI$33,6,FALSE)),IF(E18="",0,VLOOKUP(E18,Bausteine!$A$2:$AI$33,6,FALSE)),IF(F18="",0,VLOOKUP(F18,Bausteine!$A$2:$AI$33,6,FALSE)),IF(G18="",0,VLOOKUP(G18,Bausteine!$A$2:$AI$33,6,FALSE)),IF(H18="",0,VLOOKUP(H18,Bausteine!$A$2:$AI$33,6,FALSE)),IF(I18="",0,VLOOKUP(I18,Bausteine!$A$2:$AI$33,6,FALSE)),IF(J18="",0,VLOOKUP(J18,Bausteine!$A$2:$AI$33,6,FALSE)),IF(K18="",0,VLOOKUP(K18,Bausteine!$A$2:$AI$33,6,FALSE)),IF(L18="",0,VLOOKUP(L18,Bausteine!$A$2:$AI$33,6,FALSE))) | P18: =IF(C18="",0,VLOOKUP(C18,Bausteine!$A$2:$AI$33,7,FALSE))*IF(F18="",0,VLOOKUP(F18,Bausteine!$A$2:$AI$33,17,FALSE))/100+IF(D18="",0,VLOOKUP(D18,Bausteine!$A$2:$AI$33,7,FALSE))+IF(E18="",0,VLOOKUP(E18,Bausteine!$A$2:$AI$33,7,FALSE))+IF(G18="",0,VLOOKUP(G18,Bausteine!$A$2:$AI$33,7,FALSE))+IF(H18="",0,VLOOKUP(H18,Bausteine!$A$2:$AI$33,7,FALSE))+IF(I18="",0,VLOOKUP(I18,Bausteine!$A$2:$AI$33,7,FALSE))+IF(J18="",0,VLOOKUP(J18,Bausteine!$A$2:$AI$33,7,FALSE))+IF(K18="",0,VLOOKUP(K18,Bausteine!$A$2:$AI$33,7,FALSE))+IF(L18="",0,VLOOKUP(L18,Bausteine!$A$2:$AI$33,7,FALSE)) | Q18: =N18*Parameter!$B$2 | R18: =P18-Q18 | S18: =IF(C18="",0,VLOOKUP(C18,Bausteine!$A$2:$AI$33,13,FALSE))*IF(F18="",0,VLOOKUP(F18,Bausteine!$A$2:$AI$33,16,FALSE))/100 | T18: =IF(C18="",0,VLOOKUP(C18,Bausteine!$A$2:$AI$33,8,FALSE))*IF(F18="",0,VLOOKUP(F18,Bausteine!$A$2:$AI$33,15,FALSE))/100+IF(D18="",0,VLOOKUP(D18,Bausteine!$A$2:$AI$33,8,FALSE))+IF(E18="",0,VLOOKUP(E18,Bausteine!$A$2:$AI$33,8,FALSE))+IF(G18="",0,VLOOKUP(G18,Bausteine!$A$2:$AI$33,8,FALSE))+IF(H18="",0,VLOOKUP(H18,Bausteine!$A$2:$AI$33,8,FALSE))+IF(I18="",0,VLOOKUP(I18,Bausteine!$A$2:$AI$33,8,FALSE))+IF(J18="",0,VLOOKUP(J18,Bausteine!$A$2:$AI$33,8,FALSE))+IF(K18="",0,VLOOKUP(K18,Bausteine!$A$2:$AI$33,8,FALSE))+IF(L18="",0,VLOOKUP(L18,Bausteine!$A$2:$AI$33,8,FALSE)) | U18: =IF(C18="",0,VLOOKUP(C18,Bausteine!$A$2:$AI$33,9,FALSE))+IF(D18="",0,VLOOKUP(D18,Bausteine!$A$2:$AI$33,9,FALSE))+IF(E18="",0,VLOOKUP(E18,Bausteine!$A$2:$AI$33,9,FALSE))+IF(F18="",0,VLOOKUP(F18,Bausteine!$A$2:$AI$33,9,FALSE))+IF(G18="",0,VLOOKUP(G18,Bausteine!$A$2:$AI$33,9,FALSE))+IF(H18="",0,VLOOKUP(H18,Bausteine!$A$2:$AI$33,9,FALSE))+IF(I18="",0,VLOOKUP(I18,Bausteine!$A$2:$AI$33,9,FALSE))+IF(J18="",0,VLOOKUP(J18,Bausteine!$A$2:$AI$33,9,FALSE))+IF(K18="",0,VLOOKUP(K18,Bausteine!$A$2:$AI$33,9,FALSE))+IF(L18="",0,VLOOKUP(L18,Bausteine!$A$2:$AI$33,9,FALSE)) | V18: =IF(D18="",0,VLOOKUP(D18,Bausteine!$A$2:$AI$33,10,FALSE))-U18/IF(E18="",0,VLOOKUP(E18,Bausteine!$A$2:$AI$33,11,FALSE)) | W18: =IF(Y18<>"OK","",ROUND(MIN(IF(C18="",0,VLOOKUP(C18,Bausteine!$A$2:$AI$33,21,FALSE)),IF(C18="",0,VLOOKUP(C18,Bausteine!$A$2:$AI$33,20,FALSE))*(V18/T18/(IF(C18="",0,VLOOKUP(C18,Bausteine!$A$2:$AI$33,19,FALSE))/IF(C18="",0,VLOOKUP(C18,Bausteine!$A$2:$AI$33,18,FALSE))))^Parameter!$B$3),0)) | X18: =IF(F18="",0,VLOOKUP(F18,Bausteine!$A$2:$AI$33,14,FALSE)) | Y18: =IFERROR(IF(OR(R18<=0,T18<=0,V18<=0,U18>IF(E18="",0,VLOOKUP(E18,Bausteine!$A$2:$AI$33,12,FALSE)),T18>IF(C18="",0,VLOOKUP(C18,Bausteine!$A$2:$AI$33,22,FALSE)),IF(E18="",0,VLOOKUP(E18,Bausteine!$A$2:$AI$33,11,FALSE))<=0,IF(E18="",0,VLOOKUP(E18,Bausteine!$A$2:$AI$33,11,FALSE))>1),"UNGUELTIG","OK"),"FEHLER") | Z18: 950 | AA18: 125
A19: Battlemaster PDL / baseline generator | B19: china | C19: battlemaster | D19: diesel | E19: baseline-generator | F19: heavy | G19: cannon-turret | H19: cannon | I19: shell | J19: pdl | M19: =IF(C19="",0,VLOOKUP(C19,Bausteine!$A$2:$AI$33,4,FALSE))+IF(D19="",0,VLOOKUP(D19,Bausteine!$A$2:$AI$33,4,FALSE))+IF(E19="",0,VLOOKUP(E19,Bausteine!$A$2:$AI$33,4,FALSE))+IF(F19="",0,VLOOKUP(F19,Bausteine!$A$2:$AI$33,4,FALSE))+IF(G19="",0,VLOOKUP(G19,Bausteine!$A$2:$AI$33,4,FALSE))+IF(H19="",0,VLOOKUP(H19,Bausteine!$A$2:$AI$33,4,FALSE))+IF(I19="",0,VLOOKUP(I19,Bausteine!$A$2:$AI$33,4,FALSE))+IF(J19="",0,VLOOKUP(J19,Bausteine!$A$2:$AI$33,4,FALSE))+IF(K19="",0,VLOOKUP(K19,Bausteine!$A$2:$AI$33,4,FALSE))+IF(L19="",0,VLOOKUP(L19,Bausteine!$A$2:$AI$33,4,FALSE)) | N19: =IF(C19="",0,VLOOKUP(C19,Bausteine!$A$2:$AI$33,5,FALSE))+IF(D19="",0,VLOOKUP(D19,Bausteine!$A$2:$AI$33,5,FALSE))+IF(E19="",0,VLOOKUP(E19,Bausteine!$A$2:$AI$33,5,FALSE))+IF(F19="",0,VLOOKUP(F19,Bausteine!$A$2:$AI$33,5,FALSE))+IF(G19="",0,VLOOKUP(G19,Bausteine!$A$2:$AI$33,5,FALSE))+IF(H19="",0,VLOOKUP(H19,Bausteine!$A$2:$AI$33,5,FALSE))+IF(I19="",0,VLOOKUP(I19,Bausteine!$A$2:$AI$33,5,FALSE))+IF(J19="",0,VLOOKUP(J19,Bausteine!$A$2:$AI$33,5,FALSE))+IF(K19="",0,VLOOKUP(K19,Bausteine!$A$2:$AI$33,5,FALSE))+IF(L19="",0,VLOOKUP(L19,Bausteine!$A$2:$AI$33,5,FALSE)) | O19: =MAX(IF(C19="",0,VLOOKUP(C19,Bausteine!$A$2:$AI$33,6,FALSE)),IF(D19="",0,VLOOKUP(D19,Bausteine!$A$2:$AI$33,6,FALSE)),IF(E19="",0,VLOOKUP(E19,Bausteine!$A$2:$AI$33,6,FALSE)),IF(F19="",0,VLOOKUP(F19,Bausteine!$A$2:$AI$33,6,FALSE)),IF(G19="",0,VLOOKUP(G19,Bausteine!$A$2:$AI$33,6,FALSE)),IF(H19="",0,VLOOKUP(H19,Bausteine!$A$2:$AI$33,6,FALSE)),IF(I19="",0,VLOOKUP(I19,Bausteine!$A$2:$AI$33,6,FALSE)),IF(J19="",0,VLOOKUP(J19,Bausteine!$A$2:$AI$33,6,FALSE)),IF(K19="",0,VLOOKUP(K19,Bausteine!$A$2:$AI$33,6,FALSE)),IF(L19="",0,VLOOKUP(L19,Bausteine!$A$2:$AI$33,6,FALSE))) | P19: =IF(C19="",0,VLOOKUP(C19,Bausteine!$A$2:$AI$33,7,FALSE))*IF(F19="",0,VLOOKUP(F19,Bausteine!$A$2:$AI$33,17,FALSE))/100+IF(D19="",0,VLOOKUP(D19,Bausteine!$A$2:$AI$33,7,FALSE))+IF(E19="",0,VLOOKUP(E19,Bausteine!$A$2:$AI$33,7,FALSE))+IF(G19="",0,VLOOKUP(G19,Bausteine!$A$2:$AI$33,7,FALSE))+IF(H19="",0,VLOOKUP(H19,Bausteine!$A$2:$AI$33,7,FALSE))+IF(I19="",0,VLOOKUP(I19,Bausteine!$A$2:$AI$33,7,FALSE))+IF(J19="",0,VLOOKUP(J19,Bausteine!$A$2:$AI$33,7,FALSE))+IF(K19="",0,VLOOKUP(K19,Bausteine!$A$2:$AI$33,7,FALSE))+IF(L19="",0,VLOOKUP(L19,Bausteine!$A$2:$AI$33,7,FALSE)) | Q19: =N19*Parameter!$B$2 | R19: =P19-Q19 | S19: =IF(C19="",0,VLOOKUP(C19,Bausteine!$A$2:$AI$33,13,FALSE))*IF(F19="",0,VLOOKUP(F19,Bausteine!$A$2:$AI$33,16,FALSE))/100 | T19: =IF(C19="",0,VLOOKUP(C19,Bausteine!$A$2:$AI$33,8,FALSE))*IF(F19="",0,VLOOKUP(F19,Bausteine!$A$2:$AI$33,15,FALSE))/100+IF(D19="",0,VLOOKUP(D19,Bausteine!$A$2:$AI$33,8,FALSE))+IF(E19="",0,VLOOKUP(E19,Bausteine!$A$2:$AI$33,8,FALSE))+IF(G19="",0,VLOOKUP(G19,Bausteine!$A$2:$AI$33,8,FALSE))+IF(H19="",0,VLOOKUP(H19,Bausteine!$A$2:$AI$33,8,FALSE))+IF(I19="",0,VLOOKUP(I19,Bausteine!$A$2:$AI$33,8,FALSE))+IF(J19="",0,VLOOKUP(J19,Bausteine!$A$2:$AI$33,8,FALSE))+IF(K19="",0,VLOOKUP(K19,Bausteine!$A$2:$AI$33,8,FALSE))+IF(L19="",0,VLOOKUP(L19,Bausteine!$A$2:$AI$33,8,FALSE)) | U19: =IF(C19="",0,VLOOKUP(C19,Bausteine!$A$2:$AI$33,9,FALSE))+IF(D19="",0,VLOOKUP(D19,Bausteine!$A$2:$AI$33,9,FALSE))+IF(E19="",0,VLOOKUP(E19,Bausteine!$A$2:$AI$33,9,FALSE))+IF(F19="",0,VLOOKUP(F19,Bausteine!$A$2:$AI$33,9,FALSE))+IF(G19="",0,VLOOKUP(G19,Bausteine!$A$2:$AI$33,9,FALSE))+IF(H19="",0,VLOOKUP(H19,Bausteine!$A$2:$AI$33,9,FALSE))+IF(I19="",0,VLOOKUP(I19,Bausteine!$A$2:$AI$33,9,FALSE))+IF(J19="",0,VLOOKUP(J19,Bausteine!$A$2:$AI$33,9,FALSE))+IF(K19="",0,VLOOKUP(K19,Bausteine!$A$2:$AI$33,9,FALSE))+IF(L19="",0,VLOOKUP(L19,Bausteine!$A$2:$AI$33,9,FALSE)) | V19: =IF(D19="",0,VLOOKUP(D19,Bausteine!$A$2:$AI$33,10,FALSE))-U19/IF(E19="",0,VLOOKUP(E19,Bausteine!$A$2:$AI$33,11,FALSE)) | W19: =IF(Y19<>"OK","",ROUND(MIN(IF(C19="",0,VLOOKUP(C19,Bausteine!$A$2:$AI$33,21,FALSE)),IF(C19="",0,VLOOKUP(C19,Bausteine!$A$2:$AI$33,20,FALSE))*(V19/T19/(IF(C19="",0,VLOOKUP(C19,Bausteine!$A$2:$AI$33,19,FALSE))/IF(C19="",0,VLOOKUP(C19,Bausteine!$A$2:$AI$33,18,FALSE))))^Parameter!$B$3),0)) | X19: =IF(F19="",0,VLOOKUP(F19,Bausteine!$A$2:$AI$33,14,FALSE)) | Y19: =IFERROR(IF(OR(R19<=0,T19<=0,V19<=0,U19>IF(E19="",0,VLOOKUP(E19,Bausteine!$A$2:$AI$33,12,FALSE)),T19>IF(C19="",0,VLOOKUP(C19,Bausteine!$A$2:$AI$33,22,FALSE)),IF(E19="",0,VLOOKUP(E19,Bausteine!$A$2:$AI$33,11,FALSE))<=0,IF(E19="",0,VLOOKUP(E19,Bausteine!$A$2:$AI$33,11,FALSE))>1),"UNGUELTIG","OK"),"FEHLER") | Z19: 1300 | AA19: 76
A20: Battlemaster PDL / efficient generator | B20: china | C20: battlemaster | D20: diesel | E20: efficient-generator | F20: heavy | G20: cannon-turret | H20: cannon | I20: shell | J20: pdl | M20: =IF(C20="",0,VLOOKUP(C20,Bausteine!$A$2:$AI$33,4,FALSE))+IF(D20="",0,VLOOKUP(D20,Bausteine!$A$2:$AI$33,4,FALSE))+IF(E20="",0,VLOOKUP(E20,Bausteine!$A$2:$AI$33,4,FALSE))+IF(F20="",0,VLOOKUP(F20,Bausteine!$A$2:$AI$33,4,FALSE))+IF(G20="",0,VLOOKUP(G20,Bausteine!$A$2:$AI$33,4,FALSE))+IF(H20="",0,VLOOKUP(H20,Bausteine!$A$2:$AI$33,4,FALSE))+IF(I20="",0,VLOOKUP(I20,Bausteine!$A$2:$AI$33,4,FALSE))+IF(J20="",0,VLOOKUP(J20,Bausteine!$A$2:$AI$33,4,FALSE))+IF(K20="",0,VLOOKUP(K20,Bausteine!$A$2:$AI$33,4,FALSE))+IF(L20="",0,VLOOKUP(L20,Bausteine!$A$2:$AI$33,4,FALSE)) | N20: =IF(C20="",0,VLOOKUP(C20,Bausteine!$A$2:$AI$33,5,FALSE))+IF(D20="",0,VLOOKUP(D20,Bausteine!$A$2:$AI$33,5,FALSE))+IF(E20="",0,VLOOKUP(E20,Bausteine!$A$2:$AI$33,5,FALSE))+IF(F20="",0,VLOOKUP(F20,Bausteine!$A$2:$AI$33,5,FALSE))+IF(G20="",0,VLOOKUP(G20,Bausteine!$A$2:$AI$33,5,FALSE))+IF(H20="",0,VLOOKUP(H20,Bausteine!$A$2:$AI$33,5,FALSE))+IF(I20="",0,VLOOKUP(I20,Bausteine!$A$2:$AI$33,5,FALSE))+IF(J20="",0,VLOOKUP(J20,Bausteine!$A$2:$AI$33,5,FALSE))+IF(K20="",0,VLOOKUP(K20,Bausteine!$A$2:$AI$33,5,FALSE))+IF(L20="",0,VLOOKUP(L20,Bausteine!$A$2:$AI$33,5,FALSE)) | O20: =MAX(IF(C20="",0,VLOOKUP(C20,Bausteine!$A$2:$AI$33,6,FALSE)),IF(D20="",0,VLOOKUP(D20,Bausteine!$A$2:$AI$33,6,FALSE)),IF(E20="",0,VLOOKUP(E20,Bausteine!$A$2:$AI$33,6,FALSE)),IF(F20="",0,VLOOKUP(F20,Bausteine!$A$2:$AI$33,6,FALSE)),IF(G20="",0,VLOOKUP(G20,Bausteine!$A$2:$AI$33,6,FALSE)),IF(H20="",0,VLOOKUP(H20,Bausteine!$A$2:$AI$33,6,FALSE)),IF(I20="",0,VLOOKUP(I20,Bausteine!$A$2:$AI$33,6,FALSE)),IF(J20="",0,VLOOKUP(J20,Bausteine!$A$2:$AI$33,6,FALSE)),IF(K20="",0,VLOOKUP(K20,Bausteine!$A$2:$AI$33,6,FALSE)),IF(L20="",0,VLOOKUP(L20,Bausteine!$A$2:$AI$33,6,FALSE))) | P20: =IF(C20="",0,VLOOKUP(C20,Bausteine!$A$2:$AI$33,7,FALSE))*IF(F20="",0,VLOOKUP(F20,Bausteine!$A$2:$AI$33,17,FALSE))/100+IF(D20="",0,VLOOKUP(D20,Bausteine!$A$2:$AI$33,7,FALSE))+IF(E20="",0,VLOOKUP(E20,Bausteine!$A$2:$AI$33,7,FALSE))+IF(G20="",0,VLOOKUP(G20,Bausteine!$A$2:$AI$33,7,FALSE))+IF(H20="",0,VLOOKUP(H20,Bausteine!$A$2:$AI$33,7,FALSE))+IF(I20="",0,VLOOKUP(I20,Bausteine!$A$2:$AI$33,7,FALSE))+IF(J20="",0,VLOOKUP(J20,Bausteine!$A$2:$AI$33,7,FALSE))+IF(K20="",0,VLOOKUP(K20,Bausteine!$A$2:$AI$33,7,FALSE))+IF(L20="",0,VLOOKUP(L20,Bausteine!$A$2:$AI$33,7,FALSE)) | Q20: =N20*Parameter!$B$2 | R20: =P20-Q20 | S20: =IF(C20="",0,VLOOKUP(C20,Bausteine!$A$2:$AI$33,13,FALSE))*IF(F20="",0,VLOOKUP(F20,Bausteine!$A$2:$AI$33,16,FALSE))/100 | T20: =IF(C20="",0,VLOOKUP(C20,Bausteine!$A$2:$AI$33,8,FALSE))*IF(F20="",0,VLOOKUP(F20,Bausteine!$A$2:$AI$33,15,FALSE))/100+IF(D20="",0,VLOOKUP(D20,Bausteine!$A$2:$AI$33,8,FALSE))+IF(E20="",0,VLOOKUP(E20,Bausteine!$A$2:$AI$33,8,FALSE))+IF(G20="",0,VLOOKUP(G20,Bausteine!$A$2:$AI$33,8,FALSE))+IF(H20="",0,VLOOKUP(H20,Bausteine!$A$2:$AI$33,8,FALSE))+IF(I20="",0,VLOOKUP(I20,Bausteine!$A$2:$AI$33,8,FALSE))+IF(J20="",0,VLOOKUP(J20,Bausteine!$A$2:$AI$33,8,FALSE))+IF(K20="",0,VLOOKUP(K20,Bausteine!$A$2:$AI$33,8,FALSE))+IF(L20="",0,VLOOKUP(L20,Bausteine!$A$2:$AI$33,8,FALSE)) | U20: =IF(C20="",0,VLOOKUP(C20,Bausteine!$A$2:$AI$33,9,FALSE))+IF(D20="",0,VLOOKUP(D20,Bausteine!$A$2:$AI$33,9,FALSE))+IF(E20="",0,VLOOKUP(E20,Bausteine!$A$2:$AI$33,9,FALSE))+IF(F20="",0,VLOOKUP(F20,Bausteine!$A$2:$AI$33,9,FALSE))+IF(G20="",0,VLOOKUP(G20,Bausteine!$A$2:$AI$33,9,FALSE))+IF(H20="",0,VLOOKUP(H20,Bausteine!$A$2:$AI$33,9,FALSE))+IF(I20="",0,VLOOKUP(I20,Bausteine!$A$2:$AI$33,9,FALSE))+IF(J20="",0,VLOOKUP(J20,Bausteine!$A$2:$AI$33,9,FALSE))+IF(K20="",0,VLOOKUP(K20,Bausteine!$A$2:$AI$33,9,FALSE))+IF(L20="",0,VLOOKUP(L20,Bausteine!$A$2:$AI$33,9,FALSE)) | V20: =IF(D20="",0,VLOOKUP(D20,Bausteine!$A$2:$AI$33,10,FALSE))-U20/IF(E20="",0,VLOOKUP(E20,Bausteine!$A$2:$AI$33,11,FALSE)) | W20: =IF(Y20<>"OK","",ROUND(MIN(IF(C20="",0,VLOOKUP(C20,Bausteine!$A$2:$AI$33,21,FALSE)),IF(C20="",0,VLOOKUP(C20,Bausteine!$A$2:$AI$33,20,FALSE))*(V20/T20/(IF(C20="",0,VLOOKUP(C20,Bausteine!$A$2:$AI$33,19,FALSE))/IF(C20="",0,VLOOKUP(C20,Bausteine!$A$2:$AI$33,18,FALSE))))^Parameter!$B$3),0)) | X20: =IF(F20="",0,VLOOKUP(F20,Bausteine!$A$2:$AI$33,14,FALSE)) | Y20: =IFERROR(IF(OR(R20<=0,T20<=0,V20<=0,U20>IF(E20="",0,VLOOKUP(E20,Bausteine!$A$2:$AI$33,12,FALSE)),T20>IF(C20="",0,VLOOKUP(C20,Bausteine!$A$2:$AI$33,22,FALSE)),IF(E20="",0,VLOOKUP(E20,Bausteine!$A$2:$AI$33,11,FALSE))<=0,IF(E20="",0,VLOOKUP(E20,Bausteine!$A$2:$AI$33,11,FALSE))>1),"UNGUELTIG","OK"),"FEHLER") | Z20: 1500 | AA20: 95
A21: Battlemaster reflector / efficient | B21: china | C21: battlemaster | D21: diesel | E21: efficient-generator | F21: reflector | G21: cannon-turret | H21: cannon | I21: shell | M21: =IF(C21="",0,VLOOKUP(C21,Bausteine!$A$2:$AI$33,4,FALSE))+IF(D21="",0,VLOOKUP(D21,Bausteine!$A$2:$AI$33,4,FALSE))+IF(E21="",0,VLOOKUP(E21,Bausteine!$A$2:$AI$33,4,FALSE))+IF(F21="",0,VLOOKUP(F21,Bausteine!$A$2:$AI$33,4,FALSE))+IF(G21="",0,VLOOKUP(G21,Bausteine!$A$2:$AI$33,4,FALSE))+IF(H21="",0,VLOOKUP(H21,Bausteine!$A$2:$AI$33,4,FALSE))+IF(I21="",0,VLOOKUP(I21,Bausteine!$A$2:$AI$33,4,FALSE))+IF(J21="",0,VLOOKUP(J21,Bausteine!$A$2:$AI$33,4,FALSE))+IF(K21="",0,VLOOKUP(K21,Bausteine!$A$2:$AI$33,4,FALSE))+IF(L21="",0,VLOOKUP(L21,Bausteine!$A$2:$AI$33,4,FALSE)) | N21: =IF(C21="",0,VLOOKUP(C21,Bausteine!$A$2:$AI$33,5,FALSE))+IF(D21="",0,VLOOKUP(D21,Bausteine!$A$2:$AI$33,5,FALSE))+IF(E21="",0,VLOOKUP(E21,Bausteine!$A$2:$AI$33,5,FALSE))+IF(F21="",0,VLOOKUP(F21,Bausteine!$A$2:$AI$33,5,FALSE))+IF(G21="",0,VLOOKUP(G21,Bausteine!$A$2:$AI$33,5,FALSE))+IF(H21="",0,VLOOKUP(H21,Bausteine!$A$2:$AI$33,5,FALSE))+IF(I21="",0,VLOOKUP(I21,Bausteine!$A$2:$AI$33,5,FALSE))+IF(J21="",0,VLOOKUP(J21,Bausteine!$A$2:$AI$33,5,FALSE))+IF(K21="",0,VLOOKUP(K21,Bausteine!$A$2:$AI$33,5,FALSE))+IF(L21="",0,VLOOKUP(L21,Bausteine!$A$2:$AI$33,5,FALSE)) | O21: =MAX(IF(C21="",0,VLOOKUP(C21,Bausteine!$A$2:$AI$33,6,FALSE)),IF(D21="",0,VLOOKUP(D21,Bausteine!$A$2:$AI$33,6,FALSE)),IF(E21="",0,VLOOKUP(E21,Bausteine!$A$2:$AI$33,6,FALSE)),IF(F21="",0,VLOOKUP(F21,Bausteine!$A$2:$AI$33,6,FALSE)),IF(G21="",0,VLOOKUP(G21,Bausteine!$A$2:$AI$33,6,FALSE)),IF(H21="",0,VLOOKUP(H21,Bausteine!$A$2:$AI$33,6,FALSE)),IF(I21="",0,VLOOKUP(I21,Bausteine!$A$2:$AI$33,6,FALSE)),IF(J21="",0,VLOOKUP(J21,Bausteine!$A$2:$AI$33,6,FALSE)),IF(K21="",0,VLOOKUP(K21,Bausteine!$A$2:$AI$33,6,FALSE)),IF(L21="",0,VLOOKUP(L21,Bausteine!$A$2:$AI$33,6,FALSE))) | P21: =IF(C21="",0,VLOOKUP(C21,Bausteine!$A$2:$AI$33,7,FALSE))*IF(F21="",0,VLOOKUP(F21,Bausteine!$A$2:$AI$33,17,FALSE))/100+IF(D21="",0,VLOOKUP(D21,Bausteine!$A$2:$AI$33,7,FALSE))+IF(E21="",0,VLOOKUP(E21,Bausteine!$A$2:$AI$33,7,FALSE))+IF(G21="",0,VLOOKUP(G21,Bausteine!$A$2:$AI$33,7,FALSE))+IF(H21="",0,VLOOKUP(H21,Bausteine!$A$2:$AI$33,7,FALSE))+IF(I21="",0,VLOOKUP(I21,Bausteine!$A$2:$AI$33,7,FALSE))+IF(J21="",0,VLOOKUP(J21,Bausteine!$A$2:$AI$33,7,FALSE))+IF(K21="",0,VLOOKUP(K21,Bausteine!$A$2:$AI$33,7,FALSE))+IF(L21="",0,VLOOKUP(L21,Bausteine!$A$2:$AI$33,7,FALSE)) | Q21: =N21*Parameter!$B$2 | R21: =P21-Q21 | S21: =IF(C21="",0,VLOOKUP(C21,Bausteine!$A$2:$AI$33,13,FALSE))*IF(F21="",0,VLOOKUP(F21,Bausteine!$A$2:$AI$33,16,FALSE))/100 | T21: =IF(C21="",0,VLOOKUP(C21,Bausteine!$A$2:$AI$33,8,FALSE))*IF(F21="",0,VLOOKUP(F21,Bausteine!$A$2:$AI$33,15,FALSE))/100+IF(D21="",0,VLOOKUP(D21,Bausteine!$A$2:$AI$33,8,FALSE))+IF(E21="",0,VLOOKUP(E21,Bausteine!$A$2:$AI$33,8,FALSE))+IF(G21="",0,VLOOKUP(G21,Bausteine!$A$2:$AI$33,8,FALSE))+IF(H21="",0,VLOOKUP(H21,Bausteine!$A$2:$AI$33,8,FALSE))+IF(I21="",0,VLOOKUP(I21,Bausteine!$A$2:$AI$33,8,FALSE))+IF(J21="",0,VLOOKUP(J21,Bausteine!$A$2:$AI$33,8,FALSE))+IF(K21="",0,VLOOKUP(K21,Bausteine!$A$2:$AI$33,8,FALSE))+IF(L21="",0,VLOOKUP(L21,Bausteine!$A$2:$AI$33,8,FALSE)) | U21: =IF(C21="",0,VLOOKUP(C21,Bausteine!$A$2:$AI$33,9,FALSE))+IF(D21="",0,VLOOKUP(D21,Bausteine!$A$2:$AI$33,9,FALSE))+IF(E21="",0,VLOOKUP(E21,Bausteine!$A$2:$AI$33,9,FALSE))+IF(F21="",0,VLOOKUP(F21,Bausteine!$A$2:$AI$33,9,FALSE))+IF(G21="",0,VLOOKUP(G21,Bausteine!$A$2:$AI$33,9,FALSE))+IF(H21="",0,VLOOKUP(H21,Bausteine!$A$2:$AI$33,9,FALSE))+IF(I21="",0,VLOOKUP(I21,Bausteine!$A$2:$AI$33,9,FALSE))+IF(J21="",0,VLOOKUP(J21,Bausteine!$A$2:$AI$33,9,FALSE))+IF(K21="",0,VLOOKUP(K21,Bausteine!$A$2:$AI$33,9,FALSE))+IF(L21="",0,VLOOKUP(L21,Bausteine!$A$2:$AI$33,9,FALSE)) | V21: =IF(D21="",0,VLOOKUP(D21,Bausteine!$A$2:$AI$33,10,FALSE))-U21/IF(E21="",0,VLOOKUP(E21,Bausteine!$A$2:$AI$33,11,FALSE)) | W21: =IF(Y21<>"OK","",ROUND(MIN(IF(C21="",0,VLOOKUP(C21,Bausteine!$A$2:$AI$33,21,FALSE)),IF(C21="",0,VLOOKUP(C21,Bausteine!$A$2:$AI$33,20,FALSE))*(V21/T21/(IF(C21="",0,VLOOKUP(C21,Bausteine!$A$2:$AI$33,19,FALSE))/IF(C21="",0,VLOOKUP(C21,Bausteine!$A$2:$AI$33,18,FALSE))))^Parameter!$B$3),0)) | X21: =IF(F21="",0,VLOOKUP(F21,Bausteine!$A$2:$AI$33,14,FALSE)) | Y21: =IFERROR(IF(OR(R21<=0,T21<=0,V21<=0,U21>IF(E21="",0,VLOOKUP(E21,Bausteine!$A$2:$AI$33,12,FALSE)),T21>IF(C21="",0,VLOOKUP(C21,Bausteine!$A$2:$AI$33,22,FALSE)),IF(E21="",0,VLOOKUP(E21,Bausteine!$A$2:$AI$33,11,FALSE))<=0,IF(E21="",0,VLOOKUP(E21,Bausteine!$A$2:$AI$33,11,FALSE))>1),"UNGUELTIG","OK"),"FEHLER") | Z21: 850 | AA21: 94
A22: Battlemaster PDL + reflector / baseline | B22: china | C22: battlemaster | D22: diesel | E22: baseline-generator | F22: reflector | G22: cannon-turret | H22: cannon | I22: shell | J22: pdl | M22: =IF(C22="",0,VLOOKUP(C22,Bausteine!$A$2:$AI$33,4,FALSE))+IF(D22="",0,VLOOKUP(D22,Bausteine!$A$2:$AI$33,4,FALSE))+IF(E22="",0,VLOOKUP(E22,Bausteine!$A$2:$AI$33,4,FALSE))+IF(F22="",0,VLOOKUP(F22,Bausteine!$A$2:$AI$33,4,FALSE))+IF(G22="",0,VLOOKUP(G22,Bausteine!$A$2:$AI$33,4,FALSE))+IF(H22="",0,VLOOKUP(H22,Bausteine!$A$2:$AI$33,4,FALSE))+IF(I22="",0,VLOOKUP(I22,Bausteine!$A$2:$AI$33,4,FALSE))+IF(J22="",0,VLOOKUP(J22,Bausteine!$A$2:$AI$33,4,FALSE))+IF(K22="",0,VLOOKUP(K22,Bausteine!$A$2:$AI$33,4,FALSE))+IF(L22="",0,VLOOKUP(L22,Bausteine!$A$2:$AI$33,4,FALSE)) | N22: =IF(C22="",0,VLOOKUP(C22,Bausteine!$A$2:$AI$33,5,FALSE))+IF(D22="",0,VLOOKUP(D22,Bausteine!$A$2:$AI$33,5,FALSE))+IF(E22="",0,VLOOKUP(E22,Bausteine!$A$2:$AI$33,5,FALSE))+IF(F22="",0,VLOOKUP(F22,Bausteine!$A$2:$AI$33,5,FALSE))+IF(G22="",0,VLOOKUP(G22,Bausteine!$A$2:$AI$33,5,FALSE))+IF(H22="",0,VLOOKUP(H22,Bausteine!$A$2:$AI$33,5,FALSE))+IF(I22="",0,VLOOKUP(I22,Bausteine!$A$2:$AI$33,5,FALSE))+IF(J22="",0,VLOOKUP(J22,Bausteine!$A$2:$AI$33,5,FALSE))+IF(K22="",0,VLOOKUP(K22,Bausteine!$A$2:$AI$33,5,FALSE))+IF(L22="",0,VLOOKUP(L22,Bausteine!$A$2:$AI$33,5,FALSE)) | O22: =MAX(IF(C22="",0,VLOOKUP(C22,Bausteine!$A$2:$AI$33,6,FALSE)),IF(D22="",0,VLOOKUP(D22,Bausteine!$A$2:$AI$33,6,FALSE)),IF(E22="",0,VLOOKUP(E22,Bausteine!$A$2:$AI$33,6,FALSE)),IF(F22="",0,VLOOKUP(F22,Bausteine!$A$2:$AI$33,6,FALSE)),IF(G22="",0,VLOOKUP(G22,Bausteine!$A$2:$AI$33,6,FALSE)),IF(H22="",0,VLOOKUP(H22,Bausteine!$A$2:$AI$33,6,FALSE)),IF(I22="",0,VLOOKUP(I22,Bausteine!$A$2:$AI$33,6,FALSE)),IF(J22="",0,VLOOKUP(J22,Bausteine!$A$2:$AI$33,6,FALSE)),IF(K22="",0,VLOOKUP(K22,Bausteine!$A$2:$AI$33,6,FALSE)),IF(L22="",0,VLOOKUP(L22,Bausteine!$A$2:$AI$33,6,FALSE))) | P22: =IF(C22="",0,VLOOKUP(C22,Bausteine!$A$2:$AI$33,7,FALSE))*IF(F22="",0,VLOOKUP(F22,Bausteine!$A$2:$AI$33,17,FALSE))/100+IF(D22="",0,VLOOKUP(D22,Bausteine!$A$2:$AI$33,7,FALSE))+IF(E22="",0,VLOOKUP(E22,Bausteine!$A$2:$AI$33,7,FALSE))+IF(G22="",0,VLOOKUP(G22,Bausteine!$A$2:$AI$33,7,FALSE))+IF(H22="",0,VLOOKUP(H22,Bausteine!$A$2:$AI$33,7,FALSE))+IF(I22="",0,VLOOKUP(I22,Bausteine!$A$2:$AI$33,7,FALSE))+IF(J22="",0,VLOOKUP(J22,Bausteine!$A$2:$AI$33,7,FALSE))+IF(K22="",0,VLOOKUP(K22,Bausteine!$A$2:$AI$33,7,FALSE))+IF(L22="",0,VLOOKUP(L22,Bausteine!$A$2:$AI$33,7,FALSE)) | Q22: =N22*Parameter!$B$2 | R22: =P22-Q22 | S22: =IF(C22="",0,VLOOKUP(C22,Bausteine!$A$2:$AI$33,13,FALSE))*IF(F22="",0,VLOOKUP(F22,Bausteine!$A$2:$AI$33,16,FALSE))/100 | T22: =IF(C22="",0,VLOOKUP(C22,Bausteine!$A$2:$AI$33,8,FALSE))*IF(F22="",0,VLOOKUP(F22,Bausteine!$A$2:$AI$33,15,FALSE))/100+IF(D22="",0,VLOOKUP(D22,Bausteine!$A$2:$AI$33,8,FALSE))+IF(E22="",0,VLOOKUP(E22,Bausteine!$A$2:$AI$33,8,FALSE))+IF(G22="",0,VLOOKUP(G22,Bausteine!$A$2:$AI$33,8,FALSE))+IF(H22="",0,VLOOKUP(H22,Bausteine!$A$2:$AI$33,8,FALSE))+IF(I22="",0,VLOOKUP(I22,Bausteine!$A$2:$AI$33,8,FALSE))+IF(J22="",0,VLOOKUP(J22,Bausteine!$A$2:$AI$33,8,FALSE))+IF(K22="",0,VLOOKUP(K22,Bausteine!$A$2:$AI$33,8,FALSE))+IF(L22="",0,VLOOKUP(L22,Bausteine!$A$2:$AI$33,8,FALSE)) | U22: =IF(C22="",0,VLOOKUP(C22,Bausteine!$A$2:$AI$33,9,FALSE))+IF(D22="",0,VLOOKUP(D22,Bausteine!$A$2:$AI$33,9,FALSE))+IF(E22="",0,VLOOKUP(E22,Bausteine!$A$2:$AI$33,9,FALSE))+IF(F22="",0,VLOOKUP(F22,Bausteine!$A$2:$AI$33,9,FALSE))+IF(G22="",0,VLOOKUP(G22,Bausteine!$A$2:$AI$33,9,FALSE))+IF(H22="",0,VLOOKUP(H22,Bausteine!$A$2:$AI$33,9,FALSE))+IF(I22="",0,VLOOKUP(I22,Bausteine!$A$2:$AI$33,9,FALSE))+IF(J22="",0,VLOOKUP(J22,Bausteine!$A$2:$AI$33,9,FALSE))+IF(K22="",0,VLOOKUP(K22,Bausteine!$A$2:$AI$33,9,FALSE))+IF(L22="",0,VLOOKUP(L22,Bausteine!$A$2:$AI$33,9,FALSE)) | V22: =IF(D22="",0,VLOOKUP(D22,Bausteine!$A$2:$AI$33,10,FALSE))-U22/IF(E22="",0,VLOOKUP(E22,Bausteine!$A$2:$AI$33,11,FALSE)) | W22: =IF(Y22<>"OK","",ROUND(MIN(IF(C22="",0,VLOOKUP(C22,Bausteine!$A$2:$AI$33,21,FALSE)),IF(C22="",0,VLOOKUP(C22,Bausteine!$A$2:$AI$33,20,FALSE))*(V22/T22/(IF(C22="",0,VLOOKUP(C22,Bausteine!$A$2:$AI$33,19,FALSE))/IF(C22="",0,VLOOKUP(C22,Bausteine!$A$2:$AI$33,18,FALSE))))^Parameter!$B$3),0)) | X22: =IF(F22="",0,VLOOKUP(F22,Bausteine!$A$2:$AI$33,14,FALSE)) | Y22: =IFERROR(IF(OR(R22<=0,T22<=0,V22<=0,U22>IF(E22="",0,VLOOKUP(E22,Bausteine!$A$2:$AI$33,12,FALSE)),T22>IF(C22="",0,VLOOKUP(C22,Bausteine!$A$2:$AI$33,22,FALSE)),IF(E22="",0,VLOOKUP(E22,Bausteine!$A$2:$AI$33,11,FALSE))<=0,IF(E22="",0,VLOOKUP(E22,Bausteine!$A$2:$AI$33,11,FALSE))>1),"UNGUELTIG","OK"),"FEHLER") | Z22: INVALID: Generator output exceeded
A23: Battlemaster PDL + reflector / efficient | B23: china | C23: battlemaster | D23: diesel | E23: efficient-generator | F23: reflector | G23: cannon-turret | H23: cannon | I23: shell | J23: pdl | M23: =IF(C23="",0,VLOOKUP(C23,Bausteine!$A$2:$AI$33,4,FALSE))+IF(D23="",0,VLOOKUP(D23,Bausteine!$A$2:$AI$33,4,FALSE))+IF(E23="",0,VLOOKUP(E23,Bausteine!$A$2:$AI$33,4,FALSE))+IF(F23="",0,VLOOKUP(F23,Bausteine!$A$2:$AI$33,4,FALSE))+IF(G23="",0,VLOOKUP(G23,Bausteine!$A$2:$AI$33,4,FALSE))+IF(H23="",0,VLOOKUP(H23,Bausteine!$A$2:$AI$33,4,FALSE))+IF(I23="",0,VLOOKUP(I23,Bausteine!$A$2:$AI$33,4,FALSE))+IF(J23="",0,VLOOKUP(J23,Bausteine!$A$2:$AI$33,4,FALSE))+IF(K23="",0,VLOOKUP(K23,Bausteine!$A$2:$AI$33,4,FALSE))+IF(L23="",0,VLOOKUP(L23,Bausteine!$A$2:$AI$33,4,FALSE)) | N23: =IF(C23="",0,VLOOKUP(C23,Bausteine!$A$2:$AI$33,5,FALSE))+IF(D23="",0,VLOOKUP(D23,Bausteine!$A$2:$AI$33,5,FALSE))+IF(E23="",0,VLOOKUP(E23,Bausteine!$A$2:$AI$33,5,FALSE))+IF(F23="",0,VLOOKUP(F23,Bausteine!$A$2:$AI$33,5,FALSE))+IF(G23="",0,VLOOKUP(G23,Bausteine!$A$2:$AI$33,5,FALSE))+IF(H23="",0,VLOOKUP(H23,Bausteine!$A$2:$AI$33,5,FALSE))+IF(I23="",0,VLOOKUP(I23,Bausteine!$A$2:$AI$33,5,FALSE))+IF(J23="",0,VLOOKUP(J23,Bausteine!$A$2:$AI$33,5,FALSE))+IF(K23="",0,VLOOKUP(K23,Bausteine!$A$2:$AI$33,5,FALSE))+IF(L23="",0,VLOOKUP(L23,Bausteine!$A$2:$AI$33,5,FALSE)) | O23: =MAX(IF(C23="",0,VLOOKUP(C23,Bausteine!$A$2:$AI$33,6,FALSE)),IF(D23="",0,VLOOKUP(D23,Bausteine!$A$2:$AI$33,6,FALSE)),IF(E23="",0,VLOOKUP(E23,Bausteine!$A$2:$AI$33,6,FALSE)),IF(F23="",0,VLOOKUP(F23,Bausteine!$A$2:$AI$33,6,FALSE)),IF(G23="",0,VLOOKUP(G23,Bausteine!$A$2:$AI$33,6,FALSE)),IF(H23="",0,VLOOKUP(H23,Bausteine!$A$2:$AI$33,6,FALSE)),IF(I23="",0,VLOOKUP(I23,Bausteine!$A$2:$AI$33,6,FALSE)),IF(J23="",0,VLOOKUP(J23,Bausteine!$A$2:$AI$33,6,FALSE)),IF(K23="",0,VLOOKUP(K23,Bausteine!$A$2:$AI$33,6,FALSE)),IF(L23="",0,VLOOKUP(L23,Bausteine!$A$2:$AI$33,6,FALSE))) | P23: =IF(C23="",0,VLOOKUP(C23,Bausteine!$A$2:$AI$33,7,FALSE))*IF(F23="",0,VLOOKUP(F23,Bausteine!$A$2:$AI$33,17,FALSE))/100+IF(D23="",0,VLOOKUP(D23,Bausteine!$A$2:$AI$33,7,FALSE))+IF(E23="",0,VLOOKUP(E23,Bausteine!$A$2:$AI$33,7,FALSE))+IF(G23="",0,VLOOKUP(G23,Bausteine!$A$2:$AI$33,7,FALSE))+IF(H23="",0,VLOOKUP(H23,Bausteine!$A$2:$AI$33,7,FALSE))+IF(I23="",0,VLOOKUP(I23,Bausteine!$A$2:$AI$33,7,FALSE))+IF(J23="",0,VLOOKUP(J23,Bausteine!$A$2:$AI$33,7,FALSE))+IF(K23="",0,VLOOKUP(K23,Bausteine!$A$2:$AI$33,7,FALSE))+IF(L23="",0,VLOOKUP(L23,Bausteine!$A$2:$AI$33,7,FALSE)) | Q23: =N23*Parameter!$B$2 | R23: =P23-Q23 | S23: =IF(C23="",0,VLOOKUP(C23,Bausteine!$A$2:$AI$33,13,FALSE))*IF(F23="",0,VLOOKUP(F23,Bausteine!$A$2:$AI$33,16,FALSE))/100 | T23: =IF(C23="",0,VLOOKUP(C23,Bausteine!$A$2:$AI$33,8,FALSE))*IF(F23="",0,VLOOKUP(F23,Bausteine!$A$2:$AI$33,15,FALSE))/100+IF(D23="",0,VLOOKUP(D23,Bausteine!$A$2:$AI$33,8,FALSE))+IF(E23="",0,VLOOKUP(E23,Bausteine!$A$2:$AI$33,8,FALSE))+IF(G23="",0,VLOOKUP(G23,Bausteine!$A$2:$AI$33,8,FALSE))+IF(H23="",0,VLOOKUP(H23,Bausteine!$A$2:$AI$33,8,FALSE))+IF(I23="",0,VLOOKUP(I23,Bausteine!$A$2:$AI$33,8,FALSE))+IF(J23="",0,VLOOKUP(J23,Bausteine!$A$2:$AI$33,8,FALSE))+IF(K23="",0,VLOOKUP(K23,Bausteine!$A$2:$AI$33,8,FALSE))+IF(L23="",0,VLOOKUP(L23,Bausteine!$A$2:$AI$33,8,FALSE)) | U23: =IF(C23="",0,VLOOKUP(C23,Bausteine!$A$2:$AI$33,9,FALSE))+IF(D23="",0,VLOOKUP(D23,Bausteine!$A$2:$AI$33,9,FALSE))+IF(E23="",0,VLOOKUP(E23,Bausteine!$A$2:$AI$33,9,FALSE))+IF(F23="",0,VLOOKUP(F23,Bausteine!$A$2:$AI$33,9,FALSE))+IF(G23="",0,VLOOKUP(G23,Bausteine!$A$2:$AI$33,9,FALSE))+IF(H23="",0,VLOOKUP(H23,Bausteine!$A$2:$AI$33,9,FALSE))+IF(I23="",0,VLOOKUP(I23,Bausteine!$A$2:$AI$33,9,FALSE))+IF(J23="",0,VLOOKUP(J23,Bausteine!$A$2:$AI$33,9,FALSE))+IF(K23="",0,VLOOKUP(K23,Bausteine!$A$2:$AI$33,9,FALSE))+IF(L23="",0,VLOOKUP(L23,Bausteine!$A$2:$AI$33,9,FALSE)) | V23: =IF(D23="",0,VLOOKUP(D23,Bausteine!$A$2:$AI$33,10,FALSE))-U23/IF(E23="",0,VLOOKUP(E23,Bausteine!$A$2:$AI$33,11,FALSE)) | W23: =IF(Y23<>"OK","",ROUND(MIN(IF(C23="",0,VLOOKUP(C23,Bausteine!$A$2:$AI$33,21,FALSE)),IF(C23="",0,VLOOKUP(C23,Bausteine!$A$2:$AI$33,20,FALSE))*(V23/T23/(IF(C23="",0,VLOOKUP(C23,Bausteine!$A$2:$AI$33,19,FALSE))/IF(C23="",0,VLOOKUP(C23,Bausteine!$A$2:$AI$33,18,FALSE))))^Parameter!$B$3),0)) | X23: =IF(F23="",0,VLOOKUP(F23,Bausteine!$A$2:$AI$33,14,FALSE)) | Y23: =IFERROR(IF(OR(R23<=0,T23<=0,V23<=0,U23>IF(E23="",0,VLOOKUP(E23,Bausteine!$A$2:$AI$33,12,FALSE)),T23>IF(C23="",0,VLOOKUP(C23,Bausteine!$A$2:$AI$33,22,FALSE)),IF(E23="",0,VLOOKUP(E23,Bausteine!$A$2:$AI$33,11,FALSE))<=0,IF(E23="",0,VLOOKUP(E23,Bausteine!$A$2:$AI$33,11,FALSE))>1),"UNGUELTIG","OK"),"FEHLER") | Z23: 1200 | AA23: 86
A24: Juggernaut baseline | B24: gdi | C24: juggernaut | D24: diesel | E24: baseline-generator | F24: heavy | G24: fixed-triple | H24: artillery | I24: artillery-shell | M24: =IF(C24="",0,VLOOKUP(C24,Bausteine!$A$2:$AI$33,4,FALSE))+IF(D24="",0,VLOOKUP(D24,Bausteine!$A$2:$AI$33,4,FALSE))+IF(E24="",0,VLOOKUP(E24,Bausteine!$A$2:$AI$33,4,FALSE))+IF(F24="",0,VLOOKUP(F24,Bausteine!$A$2:$AI$33,4,FALSE))+IF(G24="",0,VLOOKUP(G24,Bausteine!$A$2:$AI$33,4,FALSE))+IF(H24="",0,VLOOKUP(H24,Bausteine!$A$2:$AI$33,4,FALSE))+IF(I24="",0,VLOOKUP(I24,Bausteine!$A$2:$AI$33,4,FALSE))+IF(J24="",0,VLOOKUP(J24,Bausteine!$A$2:$AI$33,4,FALSE))+IF(K24="",0,VLOOKUP(K24,Bausteine!$A$2:$AI$33,4,FALSE))+IF(L24="",0,VLOOKUP(L24,Bausteine!$A$2:$AI$33,4,FALSE)) | N24: =IF(C24="",0,VLOOKUP(C24,Bausteine!$A$2:$AI$33,5,FALSE))+IF(D24="",0,VLOOKUP(D24,Bausteine!$A$2:$AI$33,5,FALSE))+IF(E24="",0,VLOOKUP(E24,Bausteine!$A$2:$AI$33,5,FALSE))+IF(F24="",0,VLOOKUP(F24,Bausteine!$A$2:$AI$33,5,FALSE))+IF(G24="",0,VLOOKUP(G24,Bausteine!$A$2:$AI$33,5,FALSE))+IF(H24="",0,VLOOKUP(H24,Bausteine!$A$2:$AI$33,5,FALSE))+IF(I24="",0,VLOOKUP(I24,Bausteine!$A$2:$AI$33,5,FALSE))+IF(J24="",0,VLOOKUP(J24,Bausteine!$A$2:$AI$33,5,FALSE))+IF(K24="",0,VLOOKUP(K24,Bausteine!$A$2:$AI$33,5,FALSE))+IF(L24="",0,VLOOKUP(L24,Bausteine!$A$2:$AI$33,5,FALSE)) | O24: =MAX(IF(C24="",0,VLOOKUP(C24,Bausteine!$A$2:$AI$33,6,FALSE)),IF(D24="",0,VLOOKUP(D24,Bausteine!$A$2:$AI$33,6,FALSE)),IF(E24="",0,VLOOKUP(E24,Bausteine!$A$2:$AI$33,6,FALSE)),IF(F24="",0,VLOOKUP(F24,Bausteine!$A$2:$AI$33,6,FALSE)),IF(G24="",0,VLOOKUP(G24,Bausteine!$A$2:$AI$33,6,FALSE)),IF(H24="",0,VLOOKUP(H24,Bausteine!$A$2:$AI$33,6,FALSE)),IF(I24="",0,VLOOKUP(I24,Bausteine!$A$2:$AI$33,6,FALSE)),IF(J24="",0,VLOOKUP(J24,Bausteine!$A$2:$AI$33,6,FALSE)),IF(K24="",0,VLOOKUP(K24,Bausteine!$A$2:$AI$33,6,FALSE)),IF(L24="",0,VLOOKUP(L24,Bausteine!$A$2:$AI$33,6,FALSE))) | P24: =IF(C24="",0,VLOOKUP(C24,Bausteine!$A$2:$AI$33,7,FALSE))*IF(F24="",0,VLOOKUP(F24,Bausteine!$A$2:$AI$33,17,FALSE))/100+IF(D24="",0,VLOOKUP(D24,Bausteine!$A$2:$AI$33,7,FALSE))+IF(E24="",0,VLOOKUP(E24,Bausteine!$A$2:$AI$33,7,FALSE))+IF(G24="",0,VLOOKUP(G24,Bausteine!$A$2:$AI$33,7,FALSE))+IF(H24="",0,VLOOKUP(H24,Bausteine!$A$2:$AI$33,7,FALSE))+IF(I24="",0,VLOOKUP(I24,Bausteine!$A$2:$AI$33,7,FALSE))+IF(J24="",0,VLOOKUP(J24,Bausteine!$A$2:$AI$33,7,FALSE))+IF(K24="",0,VLOOKUP(K24,Bausteine!$A$2:$AI$33,7,FALSE))+IF(L24="",0,VLOOKUP(L24,Bausteine!$A$2:$AI$33,7,FALSE)) | Q24: =N24*Parameter!$B$2 | R24: =P24-Q24 | S24: =IF(C24="",0,VLOOKUP(C24,Bausteine!$A$2:$AI$33,13,FALSE))*IF(F24="",0,VLOOKUP(F24,Bausteine!$A$2:$AI$33,16,FALSE))/100 | T24: =IF(C24="",0,VLOOKUP(C24,Bausteine!$A$2:$AI$33,8,FALSE))*IF(F24="",0,VLOOKUP(F24,Bausteine!$A$2:$AI$33,15,FALSE))/100+IF(D24="",0,VLOOKUP(D24,Bausteine!$A$2:$AI$33,8,FALSE))+IF(E24="",0,VLOOKUP(E24,Bausteine!$A$2:$AI$33,8,FALSE))+IF(G24="",0,VLOOKUP(G24,Bausteine!$A$2:$AI$33,8,FALSE))+IF(H24="",0,VLOOKUP(H24,Bausteine!$A$2:$AI$33,8,FALSE))+IF(I24="",0,VLOOKUP(I24,Bausteine!$A$2:$AI$33,8,FALSE))+IF(J24="",0,VLOOKUP(J24,Bausteine!$A$2:$AI$33,8,FALSE))+IF(K24="",0,VLOOKUP(K24,Bausteine!$A$2:$AI$33,8,FALSE))+IF(L24="",0,VLOOKUP(L24,Bausteine!$A$2:$AI$33,8,FALSE)) | U24: =IF(C24="",0,VLOOKUP(C24,Bausteine!$A$2:$AI$33,9,FALSE))+IF(D24="",0,VLOOKUP(D24,Bausteine!$A$2:$AI$33,9,FALSE))+IF(E24="",0,VLOOKUP(E24,Bausteine!$A$2:$AI$33,9,FALSE))+IF(F24="",0,VLOOKUP(F24,Bausteine!$A$2:$AI$33,9,FALSE))+IF(G24="",0,VLOOKUP(G24,Bausteine!$A$2:$AI$33,9,FALSE))+IF(H24="",0,VLOOKUP(H24,Bausteine!$A$2:$AI$33,9,FALSE))+IF(I24="",0,VLOOKUP(I24,Bausteine!$A$2:$AI$33,9,FALSE))+IF(J24="",0,VLOOKUP(J24,Bausteine!$A$2:$AI$33,9,FALSE))+IF(K24="",0,VLOOKUP(K24,Bausteine!$A$2:$AI$33,9,FALSE))+IF(L24="",0,VLOOKUP(L24,Bausteine!$A$2:$AI$33,9,FALSE)) | V24: =IF(D24="",0,VLOOKUP(D24,Bausteine!$A$2:$AI$33,10,FALSE))-U24/IF(E24="",0,VLOOKUP(E24,Bausteine!$A$2:$AI$33,11,FALSE)) | W24: =IF(Y24<>"OK","",ROUND(MIN(IF(C24="",0,VLOOKUP(C24,Bausteine!$A$2:$AI$33,21,FALSE)),IF(C24="",0,VLOOKUP(C24,Bausteine!$A$2:$AI$33,20,FALSE))*(V24/T24/(IF(C24="",0,VLOOKUP(C24,Bausteine!$A$2:$AI$33,19,FALSE))/IF(C24="",0,VLOOKUP(C24,Bausteine!$A$2:$AI$33,18,FALSE))))^Parameter!$B$3),0)) | X24: =IF(F24="",0,VLOOKUP(F24,Bausteine!$A$2:$AI$33,14,FALSE)) | Y24: =IFERROR(IF(OR(R24<=0,T24<=0,V24<=0,U24>IF(E24="",0,VLOOKUP(E24,Bausteine!$A$2:$AI$33,12,FALSE)),T24>IF(C24="",0,VLOOKUP(C24,Bausteine!$A$2:$AI$33,22,FALSE)),IF(E24="",0,VLOOKUP(E24,Bausteine!$A$2:$AI$33,11,FALSE))<=0,IF(E24="",0,VLOOKUP(E24,Bausteine!$A$2:$AI$33,11,FALSE))>1),"UNGUELTIG","OK"),"FEHLER") | Z24: 2000 | AA24: 50
A25: Juggernaut EMP / baseline | B25: gdi | C25: juggernaut | D25: diesel | E25: baseline-generator | F25: heavy | G25: fixed-triple | H25: artillery | I25: emp-shell | M25: =IF(C25="",0,VLOOKUP(C25,Bausteine!$A$2:$AI$33,4,FALSE))+IF(D25="",0,VLOOKUP(D25,Bausteine!$A$2:$AI$33,4,FALSE))+IF(E25="",0,VLOOKUP(E25,Bausteine!$A$2:$AI$33,4,FALSE))+IF(F25="",0,VLOOKUP(F25,Bausteine!$A$2:$AI$33,4,FALSE))+IF(G25="",0,VLOOKUP(G25,Bausteine!$A$2:$AI$33,4,FALSE))+IF(H25="",0,VLOOKUP(H25,Bausteine!$A$2:$AI$33,4,FALSE))+IF(I25="",0,VLOOKUP(I25,Bausteine!$A$2:$AI$33,4,FALSE))+IF(J25="",0,VLOOKUP(J25,Bausteine!$A$2:$AI$33,4,FALSE))+IF(K25="",0,VLOOKUP(K25,Bausteine!$A$2:$AI$33,4,FALSE))+IF(L25="",0,VLOOKUP(L25,Bausteine!$A$2:$AI$33,4,FALSE)) | N25: =IF(C25="",0,VLOOKUP(C25,Bausteine!$A$2:$AI$33,5,FALSE))+IF(D25="",0,VLOOKUP(D25,Bausteine!$A$2:$AI$33,5,FALSE))+IF(E25="",0,VLOOKUP(E25,Bausteine!$A$2:$AI$33,5,FALSE))+IF(F25="",0,VLOOKUP(F25,Bausteine!$A$2:$AI$33,5,FALSE))+IF(G25="",0,VLOOKUP(G25,Bausteine!$A$2:$AI$33,5,FALSE))+IF(H25="",0,VLOOKUP(H25,Bausteine!$A$2:$AI$33,5,FALSE))+IF(I25="",0,VLOOKUP(I25,Bausteine!$A$2:$AI$33,5,FALSE))+IF(J25="",0,VLOOKUP(J25,Bausteine!$A$2:$AI$33,5,FALSE))+IF(K25="",0,VLOOKUP(K25,Bausteine!$A$2:$AI$33,5,FALSE))+IF(L25="",0,VLOOKUP(L25,Bausteine!$A$2:$AI$33,5,FALSE)) | O25: =MAX(IF(C25="",0,VLOOKUP(C25,Bausteine!$A$2:$AI$33,6,FALSE)),IF(D25="",0,VLOOKUP(D25,Bausteine!$A$2:$AI$33,6,FALSE)),IF(E25="",0,VLOOKUP(E25,Bausteine!$A$2:$AI$33,6,FALSE)),IF(F25="",0,VLOOKUP(F25,Bausteine!$A$2:$AI$33,6,FALSE)),IF(G25="",0,VLOOKUP(G25,Bausteine!$A$2:$AI$33,6,FALSE)),IF(H25="",0,VLOOKUP(H25,Bausteine!$A$2:$AI$33,6,FALSE)),IF(I25="",0,VLOOKUP(I25,Bausteine!$A$2:$AI$33,6,FALSE)),IF(J25="",0,VLOOKUP(J25,Bausteine!$A$2:$AI$33,6,FALSE)),IF(K25="",0,VLOOKUP(K25,Bausteine!$A$2:$AI$33,6,FALSE)),IF(L25="",0,VLOOKUP(L25,Bausteine!$A$2:$AI$33,6,FALSE))) | P25: =IF(C25="",0,VLOOKUP(C25,Bausteine!$A$2:$AI$33,7,FALSE))*IF(F25="",0,VLOOKUP(F25,Bausteine!$A$2:$AI$33,17,FALSE))/100+IF(D25="",0,VLOOKUP(D25,Bausteine!$A$2:$AI$33,7,FALSE))+IF(E25="",0,VLOOKUP(E25,Bausteine!$A$2:$AI$33,7,FALSE))+IF(G25="",0,VLOOKUP(G25,Bausteine!$A$2:$AI$33,7,FALSE))+IF(H25="",0,VLOOKUP(H25,Bausteine!$A$2:$AI$33,7,FALSE))+IF(I25="",0,VLOOKUP(I25,Bausteine!$A$2:$AI$33,7,FALSE))+IF(J25="",0,VLOOKUP(J25,Bausteine!$A$2:$AI$33,7,FALSE))+IF(K25="",0,VLOOKUP(K25,Bausteine!$A$2:$AI$33,7,FALSE))+IF(L25="",0,VLOOKUP(L25,Bausteine!$A$2:$AI$33,7,FALSE)) | Q25: =N25*Parameter!$B$2 | R25: =P25-Q25 | S25: =IF(C25="",0,VLOOKUP(C25,Bausteine!$A$2:$AI$33,13,FALSE))*IF(F25="",0,VLOOKUP(F25,Bausteine!$A$2:$AI$33,16,FALSE))/100 | T25: =IF(C25="",0,VLOOKUP(C25,Bausteine!$A$2:$AI$33,8,FALSE))*IF(F25="",0,VLOOKUP(F25,Bausteine!$A$2:$AI$33,15,FALSE))/100+IF(D25="",0,VLOOKUP(D25,Bausteine!$A$2:$AI$33,8,FALSE))+IF(E25="",0,VLOOKUP(E25,Bausteine!$A$2:$AI$33,8,FALSE))+IF(G25="",0,VLOOKUP(G25,Bausteine!$A$2:$AI$33,8,FALSE))+IF(H25="",0,VLOOKUP(H25,Bausteine!$A$2:$AI$33,8,FALSE))+IF(I25="",0,VLOOKUP(I25,Bausteine!$A$2:$AI$33,8,FALSE))+IF(J25="",0,VLOOKUP(J25,Bausteine!$A$2:$AI$33,8,FALSE))+IF(K25="",0,VLOOKUP(K25,Bausteine!$A$2:$AI$33,8,FALSE))+IF(L25="",0,VLOOKUP(L25,Bausteine!$A$2:$AI$33,8,FALSE)) | U25: =IF(C25="",0,VLOOKUP(C25,Bausteine!$A$2:$AI$33,9,FALSE))+IF(D25="",0,VLOOKUP(D25,Bausteine!$A$2:$AI$33,9,FALSE))+IF(E25="",0,VLOOKUP(E25,Bausteine!$A$2:$AI$33,9,FALSE))+IF(F25="",0,VLOOKUP(F25,Bausteine!$A$2:$AI$33,9,FALSE))+IF(G25="",0,VLOOKUP(G25,Bausteine!$A$2:$AI$33,9,FALSE))+IF(H25="",0,VLOOKUP(H25,Bausteine!$A$2:$AI$33,9,FALSE))+IF(I25="",0,VLOOKUP(I25,Bausteine!$A$2:$AI$33,9,FALSE))+IF(J25="",0,VLOOKUP(J25,Bausteine!$A$2:$AI$33,9,FALSE))+IF(K25="",0,VLOOKUP(K25,Bausteine!$A$2:$AI$33,9,FALSE))+IF(L25="",0,VLOOKUP(L25,Bausteine!$A$2:$AI$33,9,FALSE)) | V25: =IF(D25="",0,VLOOKUP(D25,Bausteine!$A$2:$AI$33,10,FALSE))-U25/IF(E25="",0,VLOOKUP(E25,Bausteine!$A$2:$AI$33,11,FALSE)) | W25: =IF(Y25<>"OK","",ROUND(MIN(IF(C25="",0,VLOOKUP(C25,Bausteine!$A$2:$AI$33,21,FALSE)),IF(C25="",0,VLOOKUP(C25,Bausteine!$A$2:$AI$33,20,FALSE))*(V25/T25/(IF(C25="",0,VLOOKUP(C25,Bausteine!$A$2:$AI$33,19,FALSE))/IF(C25="",0,VLOOKUP(C25,Bausteine!$A$2:$AI$33,18,FALSE))))^Parameter!$B$3),0)) | X25: =IF(F25="",0,VLOOKUP(F25,Bausteine!$A$2:$AI$33,14,FALSE)) | Y25: =IFERROR(IF(OR(R25<=0,T25<=0,V25<=0,U25>IF(E25="",0,VLOOKUP(E25,Bausteine!$A$2:$AI$33,12,FALSE)),T25>IF(C25="",0,VLOOKUP(C25,Bausteine!$A$2:$AI$33,22,FALSE)),IF(E25="",0,VLOOKUP(E25,Bausteine!$A$2:$AI$33,11,FALSE))<=0,IF(E25="",0,VLOOKUP(E25,Bausteine!$A$2:$AI$33,11,FALSE))>1),"UNGUELTIG","OK"),"FEHLER") | Z25: 1800 | AA25: 45
A26: Juggernaut EMP / efficient | B26: gdi | C26: juggernaut | D26: diesel | E26: efficient-generator | F26: heavy | G26: fixed-triple | H26: artillery | I26: emp-shell | M26: =IF(C26="",0,VLOOKUP(C26,Bausteine!$A$2:$AI$33,4,FALSE))+IF(D26="",0,VLOOKUP(D26,Bausteine!$A$2:$AI$33,4,FALSE))+IF(E26="",0,VLOOKUP(E26,Bausteine!$A$2:$AI$33,4,FALSE))+IF(F26="",0,VLOOKUP(F26,Bausteine!$A$2:$AI$33,4,FALSE))+IF(G26="",0,VLOOKUP(G26,Bausteine!$A$2:$AI$33,4,FALSE))+IF(H26="",0,VLOOKUP(H26,Bausteine!$A$2:$AI$33,4,FALSE))+IF(I26="",0,VLOOKUP(I26,Bausteine!$A$2:$AI$33,4,FALSE))+IF(J26="",0,VLOOKUP(J26,Bausteine!$A$2:$AI$33,4,FALSE))+IF(K26="",0,VLOOKUP(K26,Bausteine!$A$2:$AI$33,4,FALSE))+IF(L26="",0,VLOOKUP(L26,Bausteine!$A$2:$AI$33,4,FALSE)) | N26: =IF(C26="",0,VLOOKUP(C26,Bausteine!$A$2:$AI$33,5,FALSE))+IF(D26="",0,VLOOKUP(D26,Bausteine!$A$2:$AI$33,5,FALSE))+IF(E26="",0,VLOOKUP(E26,Bausteine!$A$2:$AI$33,5,FALSE))+IF(F26="",0,VLOOKUP(F26,Bausteine!$A$2:$AI$33,5,FALSE))+IF(G26="",0,VLOOKUP(G26,Bausteine!$A$2:$AI$33,5,FALSE))+IF(H26="",0,VLOOKUP(H26,Bausteine!$A$2:$AI$33,5,FALSE))+IF(I26="",0,VLOOKUP(I26,Bausteine!$A$2:$AI$33,5,FALSE))+IF(J26="",0,VLOOKUP(J26,Bausteine!$A$2:$AI$33,5,FALSE))+IF(K26="",0,VLOOKUP(K26,Bausteine!$A$2:$AI$33,5,FALSE))+IF(L26="",0,VLOOKUP(L26,Bausteine!$A$2:$AI$33,5,FALSE)) | O26: =MAX(IF(C26="",0,VLOOKUP(C26,Bausteine!$A$2:$AI$33,6,FALSE)),IF(D26="",0,VLOOKUP(D26,Bausteine!$A$2:$AI$33,6,FALSE)),IF(E26="",0,VLOOKUP(E26,Bausteine!$A$2:$AI$33,6,FALSE)),IF(F26="",0,VLOOKUP(F26,Bausteine!$A$2:$AI$33,6,FALSE)),IF(G26="",0,VLOOKUP(G26,Bausteine!$A$2:$AI$33,6,FALSE)),IF(H26="",0,VLOOKUP(H26,Bausteine!$A$2:$AI$33,6,FALSE)),IF(I26="",0,VLOOKUP(I26,Bausteine!$A$2:$AI$33,6,FALSE)),IF(J26="",0,VLOOKUP(J26,Bausteine!$A$2:$AI$33,6,FALSE)),IF(K26="",0,VLOOKUP(K26,Bausteine!$A$2:$AI$33,6,FALSE)),IF(L26="",0,VLOOKUP(L26,Bausteine!$A$2:$AI$33,6,FALSE))) | P26: =IF(C26="",0,VLOOKUP(C26,Bausteine!$A$2:$AI$33,7,FALSE))*IF(F26="",0,VLOOKUP(F26,Bausteine!$A$2:$AI$33,17,FALSE))/100+IF(D26="",0,VLOOKUP(D26,Bausteine!$A$2:$AI$33,7,FALSE))+IF(E26="",0,VLOOKUP(E26,Bausteine!$A$2:$AI$33,7,FALSE))+IF(G26="",0,VLOOKUP(G26,Bausteine!$A$2:$AI$33,7,FALSE))+IF(H26="",0,VLOOKUP(H26,Bausteine!$A$2:$AI$33,7,FALSE))+IF(I26="",0,VLOOKUP(I26,Bausteine!$A$2:$AI$33,7,FALSE))+IF(J26="",0,VLOOKUP(J26,Bausteine!$A$2:$AI$33,7,FALSE))+IF(K26="",0,VLOOKUP(K26,Bausteine!$A$2:$AI$33,7,FALSE))+IF(L26="",0,VLOOKUP(L26,Bausteine!$A$2:$AI$33,7,FALSE)) | Q26: =N26*Parameter!$B$2 | R26: =P26-Q26 | S26: =IF(C26="",0,VLOOKUP(C26,Bausteine!$A$2:$AI$33,13,FALSE))*IF(F26="",0,VLOOKUP(F26,Bausteine!$A$2:$AI$33,16,FALSE))/100 | T26: =IF(C26="",0,VLOOKUP(C26,Bausteine!$A$2:$AI$33,8,FALSE))*IF(F26="",0,VLOOKUP(F26,Bausteine!$A$2:$AI$33,15,FALSE))/100+IF(D26="",0,VLOOKUP(D26,Bausteine!$A$2:$AI$33,8,FALSE))+IF(E26="",0,VLOOKUP(E26,Bausteine!$A$2:$AI$33,8,FALSE))+IF(G26="",0,VLOOKUP(G26,Bausteine!$A$2:$AI$33,8,FALSE))+IF(H26="",0,VLOOKUP(H26,Bausteine!$A$2:$AI$33,8,FALSE))+IF(I26="",0,VLOOKUP(I26,Bausteine!$A$2:$AI$33,8,FALSE))+IF(J26="",0,VLOOKUP(J26,Bausteine!$A$2:$AI$33,8,FALSE))+IF(K26="",0,VLOOKUP(K26,Bausteine!$A$2:$AI$33,8,FALSE))+IF(L26="",0,VLOOKUP(L26,Bausteine!$A$2:$AI$33,8,FALSE)) | U26: =IF(C26="",0,VLOOKUP(C26,Bausteine!$A$2:$AI$33,9,FALSE))+IF(D26="",0,VLOOKUP(D26,Bausteine!$A$2:$AI$33,9,FALSE))+IF(E26="",0,VLOOKUP(E26,Bausteine!$A$2:$AI$33,9,FALSE))+IF(F26="",0,VLOOKUP(F26,Bausteine!$A$2:$AI$33,9,FALSE))+IF(G26="",0,VLOOKUP(G26,Bausteine!$A$2:$AI$33,9,FALSE))+IF(H26="",0,VLOOKUP(H26,Bausteine!$A$2:$AI$33,9,FALSE))+IF(I26="",0,VLOOKUP(I26,Bausteine!$A$2:$AI$33,9,FALSE))+IF(J26="",0,VLOOKUP(J26,Bausteine!$A$2:$AI$33,9,FALSE))+IF(K26="",0,VLOOKUP(K26,Bausteine!$A$2:$AI$33,9,FALSE))+IF(L26="",0,VLOOKUP(L26,Bausteine!$A$2:$AI$33,9,FALSE)) | V26: =IF(D26="",0,VLOOKUP(D26,Bausteine!$A$2:$AI$33,10,FALSE))-U26/IF(E26="",0,VLOOKUP(E26,Bausteine!$A$2:$AI$33,11,FALSE)) | W26: =IF(Y26<>"OK","",ROUND(MIN(IF(C26="",0,VLOOKUP(C26,Bausteine!$A$2:$AI$33,21,FALSE)),IF(C26="",0,VLOOKUP(C26,Bausteine!$A$2:$AI$33,20,FALSE))*(V26/T26/(IF(C26="",0,VLOOKUP(C26,Bausteine!$A$2:$AI$33,19,FALSE))/IF(C26="",0,VLOOKUP(C26,Bausteine!$A$2:$AI$33,18,FALSE))))^Parameter!$B$3),0)) | X26: =IF(F26="",0,VLOOKUP(F26,Bausteine!$A$2:$AI$33,14,FALSE)) | Y26: =IFERROR(IF(OR(R26<=0,T26<=0,V26<=0,U26>IF(E26="",0,VLOOKUP(E26,Bausteine!$A$2:$AI$33,12,FALSE)),T26>IF(C26="",0,VLOOKUP(C26,Bausteine!$A$2:$AI$33,22,FALSE)),IF(E26="",0,VLOOKUP(E26,Bausteine!$A$2:$AI$33,11,FALSE))<=0,IF(E26="",0,VLOOKUP(E26,Bausteine!$A$2:$AI$33,11,FALSE))>1),"UNGUELTIG","OK"),"FEHLER") | Z26: 2000 | AA26: 50
A27: Heavy Tesla Tank baseline | B27: soviet | C27: heavy-tesla | D27: diesel | E27: baseline-generator | F27: heavy | G27: twin-coil | H27: tesla | I27: discharge | M27: =IF(C27="",0,VLOOKUP(C27,Bausteine!$A$2:$AI$33,4,FALSE))+IF(D27="",0,VLOOKUP(D27,Bausteine!$A$2:$AI$33,4,FALSE))+IF(E27="",0,VLOOKUP(E27,Bausteine!$A$2:$AI$33,4,FALSE))+IF(F27="",0,VLOOKUP(F27,Bausteine!$A$2:$AI$33,4,FALSE))+IF(G27="",0,VLOOKUP(G27,Bausteine!$A$2:$AI$33,4,FALSE))+IF(H27="",0,VLOOKUP(H27,Bausteine!$A$2:$AI$33,4,FALSE))+IF(I27="",0,VLOOKUP(I27,Bausteine!$A$2:$AI$33,4,FALSE))+IF(J27="",0,VLOOKUP(J27,Bausteine!$A$2:$AI$33,4,FALSE))+IF(K27="",0,VLOOKUP(K27,Bausteine!$A$2:$AI$33,4,FALSE))+IF(L27="",0,VLOOKUP(L27,Bausteine!$A$2:$AI$33,4,FALSE)) | N27: =IF(C27="",0,VLOOKUP(C27,Bausteine!$A$2:$AI$33,5,FALSE))+IF(D27="",0,VLOOKUP(D27,Bausteine!$A$2:$AI$33,5,FALSE))+IF(E27="",0,VLOOKUP(E27,Bausteine!$A$2:$AI$33,5,FALSE))+IF(F27="",0,VLOOKUP(F27,Bausteine!$A$2:$AI$33,5,FALSE))+IF(G27="",0,VLOOKUP(G27,Bausteine!$A$2:$AI$33,5,FALSE))+IF(H27="",0,VLOOKUP(H27,Bausteine!$A$2:$AI$33,5,FALSE))+IF(I27="",0,VLOOKUP(I27,Bausteine!$A$2:$AI$33,5,FALSE))+IF(J27="",0,VLOOKUP(J27,Bausteine!$A$2:$AI$33,5,FALSE))+IF(K27="",0,VLOOKUP(K27,Bausteine!$A$2:$AI$33,5,FALSE))+IF(L27="",0,VLOOKUP(L27,Bausteine!$A$2:$AI$33,5,FALSE)) | O27: =MAX(IF(C27="",0,VLOOKUP(C27,Bausteine!$A$2:$AI$33,6,FALSE)),IF(D27="",0,VLOOKUP(D27,Bausteine!$A$2:$AI$33,6,FALSE)),IF(E27="",0,VLOOKUP(E27,Bausteine!$A$2:$AI$33,6,FALSE)),IF(F27="",0,VLOOKUP(F27,Bausteine!$A$2:$AI$33,6,FALSE)),IF(G27="",0,VLOOKUP(G27,Bausteine!$A$2:$AI$33,6,FALSE)),IF(H27="",0,VLOOKUP(H27,Bausteine!$A$2:$AI$33,6,FALSE)),IF(I27="",0,VLOOKUP(I27,Bausteine!$A$2:$AI$33,6,FALSE)),IF(J27="",0,VLOOKUP(J27,Bausteine!$A$2:$AI$33,6,FALSE)),IF(K27="",0,VLOOKUP(K27,Bausteine!$A$2:$AI$33,6,FALSE)),IF(L27="",0,VLOOKUP(L27,Bausteine!$A$2:$AI$33,6,FALSE))) | P27: =IF(C27="",0,VLOOKUP(C27,Bausteine!$A$2:$AI$33,7,FALSE))*IF(F27="",0,VLOOKUP(F27,Bausteine!$A$2:$AI$33,17,FALSE))/100+IF(D27="",0,VLOOKUP(D27,Bausteine!$A$2:$AI$33,7,FALSE))+IF(E27="",0,VLOOKUP(E27,Bausteine!$A$2:$AI$33,7,FALSE))+IF(G27="",0,VLOOKUP(G27,Bausteine!$A$2:$AI$33,7,FALSE))+IF(H27="",0,VLOOKUP(H27,Bausteine!$A$2:$AI$33,7,FALSE))+IF(I27="",0,VLOOKUP(I27,Bausteine!$A$2:$AI$33,7,FALSE))+IF(J27="",0,VLOOKUP(J27,Bausteine!$A$2:$AI$33,7,FALSE))+IF(K27="",0,VLOOKUP(K27,Bausteine!$A$2:$AI$33,7,FALSE))+IF(L27="",0,VLOOKUP(L27,Bausteine!$A$2:$AI$33,7,FALSE)) | Q27: =N27*Parameter!$B$2 | R27: =P27-Q27 | S27: =IF(C27="",0,VLOOKUP(C27,Bausteine!$A$2:$AI$33,13,FALSE))*IF(F27="",0,VLOOKUP(F27,Bausteine!$A$2:$AI$33,16,FALSE))/100 | T27: =IF(C27="",0,VLOOKUP(C27,Bausteine!$A$2:$AI$33,8,FALSE))*IF(F27="",0,VLOOKUP(F27,Bausteine!$A$2:$AI$33,15,FALSE))/100+IF(D27="",0,VLOOKUP(D27,Bausteine!$A$2:$AI$33,8,FALSE))+IF(E27="",0,VLOOKUP(E27,Bausteine!$A$2:$AI$33,8,FALSE))+IF(G27="",0,VLOOKUP(G27,Bausteine!$A$2:$AI$33,8,FALSE))+IF(H27="",0,VLOOKUP(H27,Bausteine!$A$2:$AI$33,8,FALSE))+IF(I27="",0,VLOOKUP(I27,Bausteine!$A$2:$AI$33,8,FALSE))+IF(J27="",0,VLOOKUP(J27,Bausteine!$A$2:$AI$33,8,FALSE))+IF(K27="",0,VLOOKUP(K27,Bausteine!$A$2:$AI$33,8,FALSE))+IF(L27="",0,VLOOKUP(L27,Bausteine!$A$2:$AI$33,8,FALSE)) | U27: =IF(C27="",0,VLOOKUP(C27,Bausteine!$A$2:$AI$33,9,FALSE))+IF(D27="",0,VLOOKUP(D27,Bausteine!$A$2:$AI$33,9,FALSE))+IF(E27="",0,VLOOKUP(E27,Bausteine!$A$2:$AI$33,9,FALSE))+IF(F27="",0,VLOOKUP(F27,Bausteine!$A$2:$AI$33,9,FALSE))+IF(G27="",0,VLOOKUP(G27,Bausteine!$A$2:$AI$33,9,FALSE))+IF(H27="",0,VLOOKUP(H27,Bausteine!$A$2:$AI$33,9,FALSE))+IF(I27="",0,VLOOKUP(I27,Bausteine!$A$2:$AI$33,9,FALSE))+IF(J27="",0,VLOOKUP(J27,Bausteine!$A$2:$AI$33,9,FALSE))+IF(K27="",0,VLOOKUP(K27,Bausteine!$A$2:$AI$33,9,FALSE))+IF(L27="",0,VLOOKUP(L27,Bausteine!$A$2:$AI$33,9,FALSE)) | V27: =IF(D27="",0,VLOOKUP(D27,Bausteine!$A$2:$AI$33,10,FALSE))-U27/IF(E27="",0,VLOOKUP(E27,Bausteine!$A$2:$AI$33,11,FALSE)) | W27: =IF(Y27<>"OK","",ROUND(MIN(IF(C27="",0,VLOOKUP(C27,Bausteine!$A$2:$AI$33,21,FALSE)),IF(C27="",0,VLOOKUP(C27,Bausteine!$A$2:$AI$33,20,FALSE))*(V27/T27/(IF(C27="",0,VLOOKUP(C27,Bausteine!$A$2:$AI$33,19,FALSE))/IF(C27="",0,VLOOKUP(C27,Bausteine!$A$2:$AI$33,18,FALSE))))^Parameter!$B$3),0)) | X27: =IF(F27="",0,VLOOKUP(F27,Bausteine!$A$2:$AI$33,14,FALSE)) | Y27: =IFERROR(IF(OR(R27<=0,T27<=0,V27<=0,U27>IF(E27="",0,VLOOKUP(E27,Bausteine!$A$2:$AI$33,12,FALSE)),T27>IF(C27="",0,VLOOKUP(C27,Bausteine!$A$2:$AI$33,22,FALSE)),IF(E27="",0,VLOOKUP(E27,Bausteine!$A$2:$AI$33,11,FALSE))<=0,IF(E27="",0,VLOOKUP(E27,Bausteine!$A$2:$AI$33,11,FALSE))>1),"UNGUELTIG","OK"),"FEHLER") | Z27: 1350 | AA27: 100

Sheet AltNeu
A1: Design | B1: Preis alt | C1: Hardware neu | D1: CP-Abzug | E1: Preis neu | F1: Differenz | G1: Differenz % | H1: HP alt | I1: HP neu | J1: Tempo alt | K1: Tempo neu | L1: CP neu | M1: Katalog neu | N1: Grenzen
A2: Dragon Tank | B2: 600 | C2: =Entwuerfe!P2 | D2: =Entwuerfe!Q2 | E2: =Entwuerfe!R2 | F2: =E2-B2 | G2: =IF(B2=0,0,F2/B2) | H2: 28000 | I2: =Entwuerfe!S2 | J2: 103 | K2: =Entwuerfe!W2 | L2: =Entwuerfe!N2 | M2: =Entwuerfe!M2 | N2: =Entwuerfe!Y2
A3: Dragon Tank PDL | B3: 1200 | C3: =Entwuerfe!P3 | D3: =Entwuerfe!Q3 | E3: =Entwuerfe!R3 | F3: =E3-B3 | G3: =IF(B3=0,0,F3/B3) | H3: 28000 | I3: =Entwuerfe!S3 | J3: 103 | K3: =Entwuerfe!W3 | L3: =Entwuerfe!N3 | M3: =Entwuerfe!M3 | N3: =Entwuerfe!Y3
A4: Dragon Tank Reflector | B4: 600 | C4: =Entwuerfe!P4 | D4: =Entwuerfe!Q4 | E4: =Entwuerfe!R4 | F4: =E4-B4 | G4: =IF(B4=0,0,F4/B4) | H4: 28000 | I4: =Entwuerfe!S4 | J4: 103 | K4: =Entwuerfe!W4 | L4: =Entwuerfe!N4 | M4: =Entwuerfe!M4 | N4: =Entwuerfe!Y4
A5: Gatling Tank | B5: 800 | C5: =Entwuerfe!P5 | D5: =Entwuerfe!Q5 | E5: =Entwuerfe!R5 | F5: =E5-B5 | G5: =IF(B5=0,0,F5/B5) | H5: 30000 | I5: =Entwuerfe!S5 | J5: 108 | K5: =Entwuerfe!W5 | L5: =Entwuerfe!N5 | M5: =Entwuerfe!M5 | N5: =Entwuerfe!Y5
A6: Gatling Tank PDL | B6: 1400 | C6: =Entwuerfe!P6 | D6: =Entwuerfe!Q6 | E6: =Entwuerfe!R6 | F6: =E6-B6 | G6: =IF(B6=0,0,F6/B6) | H6: 30000 | I6: =Entwuerfe!S6 | J6: 108 | K6: =Entwuerfe!W6 | L6: =Entwuerfe!N6 | M6: =Entwuerfe!M6 | N6: =Entwuerfe!Y6
A7: Gatling Tank Reflector | B7: 800 | C7: =Entwuerfe!P7 | D7: =Entwuerfe!Q7 | E7: =Entwuerfe!R7 | F7: =E7-B7 | G7: =IF(B7=0,0,F7/B7) | H7: 30000 | I7: =Entwuerfe!S7 | J7: 108 | K7: =Entwuerfe!W7 | L7: =Entwuerfe!N7 | M7: =Entwuerfe!M7 | N7: =Entwuerfe!Y7
A8: Battlemaster Nuclear Shells | B8: 950 | C8: =Entwuerfe!P8 | D8: =Entwuerfe!Q8 | E8: =Entwuerfe!R8 | F8: =E8-B8 | G8: =IF(B8=0,0,F8/B8) | H8: 40000 | I8: =Entwuerfe!S8 | J8: 100 | K8: =Entwuerfe!W8 | L8: =Entwuerfe!N8 | M8: =Entwuerfe!M8 | N8: =Entwuerfe!Y8
A9: Battlemaster Nuclear Shells PDL | B9: 1600 | C9: =Entwuerfe!P9 | D9: =Entwuerfe!Q9 | E9: =Entwuerfe!R9 | F9: =E9-B9 | G9: =IF(B9=0,0,F9/B9) | H9: 40000 | I9: =Entwuerfe!S9 | J9: 100 | K9: =Entwuerfe!W9 | L9: =Entwuerfe!N9 | M9: =Entwuerfe!M9 | N9: =Entwuerfe!Y9
A10: Battlemaster Nuclear Shells Reflector | B10: 950 | C10: =Entwuerfe!P10 | D10: =Entwuerfe!Q10 | E10: =Entwuerfe!R10 | F10: =E10-B10 | G10: =IF(B10=0,0,F10/B10) | H10: 40000 | I10: =Entwuerfe!S10 | J10: 100 | K10: =Entwuerfe!W10 | L10: =Entwuerfe!N10 | M10: =Entwuerfe!M10 | N10: =Entwuerfe!Y10
A11: Battlemaster Mass Production | B11: 600 | C11: =Entwuerfe!P11 | D11: =Entwuerfe!Q11 | E11: =Entwuerfe!R11 | F11: =E11-B11 | G11: =IF(B11=0,0,F11/B11) | H11: 40000 | I11: =Entwuerfe!S11 | J11: 100 | K11: =Entwuerfe!W11 | L11: =Entwuerfe!N11 | M11: =Entwuerfe!M11 | N11: =Entwuerfe!Y11
A12: Battlemaster Mass Production PDL | B12: 1000 | C12: =Entwuerfe!P12 | D12: =Entwuerfe!Q12 | E12: =Entwuerfe!R12 | F12: =E12-B12 | G12: =IF(B12=0,0,F12/B12) | H12: 40000 | I12: =Entwuerfe!S12 | J12: 100 | K12: =Entwuerfe!W12 | L12: =Entwuerfe!N12 | M12: =Entwuerfe!M12 | N12: =Entwuerfe!Y12
A13: Battlemaster Mass Production Reflector | B13: 600 | C13: =Entwuerfe!P13 | D13: =Entwuerfe!Q13 | E13: =Entwuerfe!R13 | F13: =E13-B13 | G13: =IF(B13=0,0,F13/B13) | H13: 40000 | I13: =Entwuerfe!S13 | J13: 100 | K13: =Entwuerfe!W13 | L13: =Entwuerfe!N13 | M13: =Entwuerfe!M13 | N13: =Entwuerfe!Y13
... A18: Battlemaster nuclear drive | B18: 950 | C18: =Entwuerfe!P18 | D18: =Entwuerfe!Q18 | E18: =Entwuerfe!R18 | F18: =E18-B18 | G18: =IF(B18=0,0,F18/B18) | H18: 40000 | I18: =Entwuerfe!S18 | J18: 125 | K18: =Entwuerfe!W18 | L18: =Entwuerfe!N18 | M18: =Entwuerfe!M18 | N18: =Entwuerfe!Y18
A19: Juggernaut baseline | B19: 2000 | C19: =Entwuerfe!P24 | D19: =Entwuerfe!Q24 | E19: =Entwuerfe!R24 | F19: =E19-B19 | G19: =IF(B19=0,0,F19/B19) | H19: 60000 | I19: =Entwuerfe!S24 | J19: 50 | K19: =Entwuerfe!W24 | L19: =Entwuerfe!N24 | M19: =Entwuerfe!M24 | N19: =Entwuerfe!Y24
A20: Juggernaut EMP / baseline | B20: 2000 | C20: =Entwuerfe!P25 | D20: =Entwuerfe!Q25 | E20: =Entwuerfe!R25 | F20: =E20-B20 | G20: =IF(B20=0,0,F20/B20) | H20: 60000 | I20: =Entwuerfe!S25 | J20: 50 | K20: =Entwuerfe!W25 | L20: =Entwuerfe!N25 | M20: =Entwuerfe!M25 | N20: =Entwuerfe!Y25
A21: Juggernaut EMP / efficient | B21: 2000 | C21: =Entwuerfe!P26 | D21: =Entwuerfe!Q26 | E21: =Entwuerfe!R26 | F21: =E21-B21 | G21: =IF(B21=0,0,F21/B21) | H21: 60000 | I21: =Entwuerfe!S26 | J21: 50 | K21: =Entwuerfe!W26 | L21: =Entwuerfe!N26 | M21: =Entwuerfe!M26 | N21: =Entwuerfe!Y26
A22: Heavy Tesla Tank baseline | B22: 1350 | C22: =Entwuerfe!P27 | D22: =Entwuerfe!Q27 | E22: =Entwuerfe!R27 | F22: =E22-B22 | G22: =IF(B22=0,0,F22/B22) | H22: 48000 | I22: =Entwuerfe!S27 | J22: 100 | K22: =Entwuerfe!W27 | L22: =Entwuerfe!N27 | M22: =Entwuerfe!M27 | N22: =Entwuerfe!Y27

Sheet Preisfit
A1: CP-Wert | B1: Fertigungsfaktor | C1: Upgrade Hardware | D1: PDL Paket | E1: Reflector Paket | F1: RMSE Credits | G1: Max Fehler Credits | H1: Status
A2: 0 | B2: 0.628 | C2: 0.27620422 | D2: 648.51034 | E2: 0.66104332 | F2: 2.1149763 | G2: 3.864496 | H2: Statische Fit-Momentaufnahme
A3: 100 | B3: 0.724 | C3: 98.176081 | D3: 742.61091 | E3: 112.86085 | F3: 15.442227 | G3: 30.488748 | H3: Statische Fit-Momentaufnahme
A4: 200 | B4: 0.812 | C4: 199.06104 | D4: 831.89731 | E4: 220.91956 | F4: 27.818777 | G4: 49.213315 | H4: Statische Fit-Momentaufnahme
A5: 300 | B5: 0.893 | C5: 302.63284 | D5: 917.24917 | E5: 324.85231 | F5: 39.924743 | G5: 67.453507 | H5: Statische Fit-Momentaufnahme
A6: 400 | B6: 0.969 | C6: 409.28388 | D6: 998.18245 | E6: 423.96592 | F6: 52.419832 | G6: 87.788795 | H6: Statische Fit-Momentaufnahme
A7: 600 | B7: 1 | C7: 550 | D7: 1283.3333 | E7: 716.66667 | F7: 103.18986 | G7: 250 | H7: Statische Fit-Momentaufnahme
A8: 1000 | H8: Nicht zulässig unter Modellannahmen
A9: 1500 | H9: Nicht zulässig unter Modellannahmen
A10: 2000 | H10: Nicht zulässig unter Modellannahmen

Sheet FitAbweichungen
A1: CP-Wert | B1: Design | C1: Preis alt | D1: Preis Fit | E1: Differenz | F1: Differenz %
A2: 0 | B2: Battlemaster Autoloader | C2: 950 | D2: 950.2762 | E2: 0.27620422 | F2: 0.00029074129
A3: 0 | B3: Battlemaster Autoloader PDL | C3: 1600 | D3: 1598.7865 | E3: -1.2134518 | F3: -0.00075840735
A4: 0 | B4: Battlemaster Autoloader Reflector | C4: 950 | D4: 950.93725 | E4: 0.93724755 | F4: 0.00098657636
A5: 0 | B5: Battlemaster Nuclear Shells | C5: 950 | D5: 950.2762 | E5: 0.27620422 | F5: 0.00029074129
A6: 0 | B6: Battlemaster Nuclear Shells PDL | C6: 1600 | D6: 1598.7865 | E6: -1.2134518 | F6: -0.00075840735
A7: 0 | B7: Battlemaster Nuclear Shells Reflector | C7: 950 | D7: 950.93725 | E7: 0.93724755 | F7: 0.00098657636
A8: 0 | B8: Battlemaster Mass Production | C8: 600 | D8: 596.6 | E8: -3.4 | F8: -0.0056666667
A9: 0 | B9: Battlemaster Mass Production PDL | C9: 1000 | D9: 1003.8645 | E9: 3.864496 | F9: 0.003864496
A10: 0 | B10: Battlemaster Mass Production Reflector | C10: 600 | D10: 597.01514 | E10: -2.9848648 | F10: -0.0049747747
A11: 100 | B11: Battlemaster Autoloader | C11: 950 | D11: 948.17608 | E11: -1.8239185 | F11: -0.0019199142
A12: 100 | B12: Battlemaster Autoloader PDL | C12: 1600 | D12: 1590.787 | E12: -9.2130083 | F12: -0.0057581302
A13: 100 | B13: Battlemaster Autoloader Reflector | C13: 950 | D13: 961.03693 | E13: 11.036927 | F13: 0.011617818
... A55: 600 | B55: Battlemaster Mass Production Reflector | C55: 600 | D55: 466.66667 | E55: -133.33333 | F55: -0.22222222
